"Gestionnaire","Compétence","Contact","Fonction","Adresse","Ville","Email","Téléphone","Département_num","Département_min","Département_maj"
"UDAP","Architecture","Emmanuelle DIDIER","ABF","23 rue Bourgmayer","01000 Bourg-en-Bresse","udap.ain@culture.gouv.fr","04 74 22 23 23","01","Ain","AIN"
"UDAP","Architecture","Jean GRAVOT","ABF","Hôtel du Petit-Saint-Vincent 1 rue Saint-Martin","02000 Laon","sdap02@culture.gouv.fr","03 23 23 53 54","02","Aisne","AISNE"
"UDAP","Architecture","Jean-Marie RUSSIAS","ABF","2 rue Michel-de-L'Hospital BP 1651","03016 Moulins Cedex","udap03@culture.gouv.fr","04 70 20 87 59","03","Allier","ALLIER"
"UDAP","Architecture","Laurent CHAIGNE","ABF","Centre administratif Romieu Rue Pasteur CS 50053","04995 Digne-les-Bains Cedex","udap.alpes-de-haute-provence@culture.gouv.fr","04 92 36 70 60","04","Alpes-de-Haute-Provence","ALPES-DE-HAUTE-PROVENCE"
"UDAP","Architecture","Luc ALBOUY","ABF","Villa Césarie 41 avenue Thiers","06000 Nice","udap.alpes-maritimes@culture.gouv.fr","04 93 16 59 10","06","Alpes-Maritimes","ALPES-MARITIMES"
"UDAP","Architecture","Jean-François VILVERT","ABF","2 place Simone Veil","07000 Privas","udap.ardeche@culture.gouv.fr","04 75 66 74 90","07","Ardèche","ARDECHE"
"UDAP","Architecture","","ABF","Cité administrative 2 esplanade du Palais-de-Justice","08000 Charleville-Mézières","udap.ardennes@culture.gouv.fr","03 24 56 23 16","08","Ardennes","ARDENNES"
"UDAP","Architecture","","ABF","4 rue de la Préfecture","09000 Foix Cedex","udap.ariege@culture.gouv.fr","05 34 09 36 21","09","Ariège","ARIEGE"
"UDAP","Architecture","Jean-Philippe CAUQUELIN","ABF","2 mail des Charmilles","10000 Troyes","udap.aube@culture.gouv.fr","03 25 83 22 40","10","Aube","AUBE"
"UDAP","Architecture","François BRETON","ABF","77 rue Trivalle","11000 Carcassonne","udap.aude@culture.gouv.fr","04 68 47 26 58","11","Aude","AUDE"
"UDAP","Architecture","Patrice GINTRAND","ABF","2 bis impasse Cambon","12000 Rodez","udap.aveyron@culture.gouv.fr","05 65 68 02 20","12","Aveyron","AVEYRON"
"UDAP","Architecture","Agnès BLONDIN","ABF","2 place de la République","67082 Strasbourg Cedex","udap.bas-rhin@culture.gouv.fr","03 69 08 51 00","67","Bas-Rhin","BAS-RHIN"
"UDAP","Architecture","","ABF","Les Docks - Atrium 10.4 10 place de la Joliette BP 55612","13567 Marseille Cedex 02","udap.13@culture.gouv.fr","04 91 90 42 43","13","Bouches-du-Rhône","BOUCHES-DU-RHONE"
"UDAP","Architecture","Dominique LAPRIE-SENTENAC","ABF","13 bis rue de Saint-Ouen BP 533","14036 Caen Cedex 1","udap.calvados@culture.gouv.fr","02 31 15 61 00","14","Calvados","CALVADOS"
"UDAP","Architecture","Régis DELUBAC","ABF","90 avenue de la République","15000 Aurillac","sdap.cantal@culture.gouv.fr","04 71 45 59 10","15","Cantal","CANTAL"
"UDAP","Architecture","","ABF","Cité Administrative - Bât B 4 rue Raymond-Poincaré","16000 Angoulême","sdap.charente@culture.gouv.fr","05 45 97 97 97","16","Charente","CHARENTE"
"UDAP","Architecture","Lionel MOTTIN","ABF","2 rue de la Monnaie","17000 La Rochelle","udap.charente-maritime@culture.gouv.fr","05 46 41 09 57","17","Charente-Maritime","CHARENTE-MARITIME"
"UDAP","Architecture","Paul CARVES","ABF","6 place de la Pyrotechnie","18000 Bourges","udap.cher@culture.gouv.fr","02 34 34 62 90","18","Cher","CHER"
"UDAP","Architecture","Philippe PONCET","ABF","Hôtel de Lauthonie 13 rue Riche","19000 Tulle","sdap.correze@culture.gouv.fr","05 55 20 78 90","19","Corrèze","CORREZE"
"UDAP","Architecture","Séverine WODLI","ABF","39 rue Vannerie","21000 Dijon","udap21@culture.gouv.fr","03 80 68 50 22","21","Côte-d'Or","COTE-D'OR"
"UDAP","Architecture","Denis LEFORT","ABF","13 rue Saint-Benoît","22000 Saint-Brieuc","sdap.cotes-darmor@culture.gouv.fr","02 96 60 84 70","22","Côtes-d'Armor","COTES-D'ARMOR"
"UDAP","Architecture","Nicolas CHEVALIER","ABF","14 avenue Louis-Laroche","23000 Guéret","udap.creuse@culture.gouv.fr","05 55 52 11 52","23","Creuse","CREUSE"
"UDAP","Architecture","","ABF","4 rue Joseph-Cugnot","79000 Niort","udap.deux-sevres@culture.gouv.fr","05 49 36 30 19","79","Deux-Sèvres","DEUX-SEVRES"
"UDAP","Architecture","Laurent DELFOUR","ABF","2 rue de la Cité","24000 Périgueux","sdap24@culture.gouv.fr","05 53 06 20 60","24","Dordogne","DORDOGNE"
"UDAP","Architecture","","ABF","7 rue Charles-Nodier","25000 Besançon","sdap.doubs@culture.gouv.fr","03 81 65 72 10","25","Doubs","DOUBS"
"UDAP","Architecture","Philippe ARAMEL","ABF","4 place Laënnec BP","70213 26002 Valence","udap.drome@culture.gouv.fr","04 75 79 74 60","26","Drôme","DROME"
"UDAP","Architecture","France POULAIN","ABF","Préfecture Boulevard Georges-Chauvin","27022 Évreux Cedex","sdap.eure@culture.gouv.fr","02 32 78 26 27","27","Eure","EURE"
"UDAP","Architecture","Jean-Michel CATHERINOT","ABF","15 place de la République BP 80527","28019 Chartres Cedex","udap.eure-et-loir@culture.gouv.fr","02 37 36 45 85","28","Eure-et-Loir","EURE-ET-LOIR"
"UDAP","Architecture","Soazick LE GOFF","ABF","3 rue Brizieux","29000 Quimper","sdap.finistere@culture.gouv.fr","02 98 95 32 02","29","Finistère","FINISTERE"
"UDAP","Architecture","Denis MAGNOL","ABF","2 rue Pradier","30000 Nîmes","udap.gard@culture.gouv.fr","04 66 29 50 18","30","Gard","GARD"
"UDAP","Architecture","Clémentine PEREZ-SAPPIA","ABF","9 rue d'Espagne","32000 Auch","udap.gers@culture.gouv.fr","05 62 05 62 08","32","Gers","GERS"
"UDAP","Architecture","Vincent CASSAGNAUD","ABF","54 rue Magendie CS 41006","33081 Bordeaux Cedex","udap.gironde@culture.gouv.fr","05 56 00 87 10","33","Gironde","GIRONDE"
"UDAP","Architecture","Éric RADOVITCH","ABF","32 rue la Dalbade","31000 Toulouse","udap.haute-garonne@culture.gouv.fr","05 61 13 69 69","31","Haute-Garonne","HAUTE-GARONNE"
"UDAP","Architecture","Jérôme AUGER","ABF","13 rue des Moulins","43000 Le Puy-en-Velay","udap.haute-loire@culture.gouv.fr","04 71 04 59 59","43","Haute-Loire","HAUTE-LOIRE"
"UDAP","Architecture","","ABF","Cité administrative Desmichels BP 1607","05016 Gap Cedex","sdap.hautes-alpes@culture.gouv.fr","04 92 53 15 30","05","Hautes-Alpes","HAUTES-ALPES"
"UDAP","Architecture","Gaël NOBLANC","ABF","24 Boulevard des Alliés","70000 Vesoul","sdap.haute-saone@culture.gouv.fr","03 84 75 78 99","70","Haute-Saône","HAUTE-SAONE"
"UDAP","Architecture","Sophie LOUBENS","ABF","Hôtel de Grave 5 rue Salle l'Evêque CS 49020","34967 Montpellier Cedex 2","udap.herault@culture.gouv.fr","04 67 02 32 00","34","Hérault","HERAULT"
"UDAP","Architecture","Sandra LE DÉVÉHAT","ABF","Hôtel de Blossac 6 rue du Chapitre CS 24405","35044 Rennes Cedex","sdap.ille-et-vilaine@culture.gouv.fr","02 99 29 67 60","35","Ille-et-Vilaine","ILLE-ET-VILAINE"
"UDAP","Architecture","Grégoire CHALIER","ABF","Cité administrative - Bât. C Boulevard George-Sand CS 10514","36018 Châteauroux Cedex","udap.indre@culture.gouv.fr","02 54 08 78 80","36","Indre","INDRE"
"UDAP","Architecture","Jean-Michel CATHERINOT","ABF","36 rue de Clocheville BP 65949","37059 Tours Cedex 1","sdap.indre-et-loire@culture.gouv.fr","02 47 31 03 03","37","Indre-et-Loire","INDRE-ET-LOIRE"
"UDAP","Architecture","","ABF","DRAC Pays-de-la-Loire 1 rue Stanislas-Baudry BP 63518","44035 Nantes Cedex 1","udap44@culture.gouv.fr","02 40 14 28 02","44","Loire-Atlantique","LOIRE-ATLANTIQUE"
"UDAP","Architecture","Pascal PARRAS","ABF","DRAC Centre STAP 45 6 rue de la Manufacture","45043 Orléans Cedex","udap.loiret@culture.gouv.fr","02 38 53 34 26","45","Loiret","LOIRET"
"UDAP","Architecture","Adrienne BARTHÉLÉMY","ABF","31 Mail Pierre-Charlot","41000 Blois","udap.loir-et-cher@culture.gouv.fr","02 54 55 76 80","41","Loir-et-Cher","LOIR-ET-CHER"
"UDAP","Architecture","Marc LEMARIÉ","ABF","4 avenue Georges-Clémenceau","48000 Mende","sdap.lozere@culture.gouv.fr","04 66 49 19 13","48","Lozère","LOZERE"
"UDAP","Architecture","Dominique LATRON","ABF","Cité Administrative, Bâtiment M 15 bis. rue Dupetit Thouars","49047 Angers Cedex 01","sdap.maine-et-loire@culture.gouv.fr","02 41 86 62 20","49","Maine-et-Loire","MAINE-ET-LOIRE"
"UDAP","Architecture","Nathalie DANGLES","ABF","3 place de la Préfecture BP 80494","50004 Saint-Lô Cedex","udap.manche@culture.gouv.fr","02 33 72 61 74","50","Manche","MANCHE"
"UDAP","Architecture","","ABF","38 rue Cérès BP 2530","51081 Reims Cedex","udap.marne@culture.gouv.fr","03 26 47 74 39","51","Marne","MARNE"
"UDAP","Architecture","","ABF","Cité administrative, Bât P1, 3e étage 45 rue Sainte-Catherine","54000 Nancy","udap.meurthe-et-moselle@culture.gouv.fr","03 57 29 16 70","54","Meurthe-et-Moselle","MEURTHE-ET-MOSELLE"
"UDAP","Architecture","Nadia CORRAL TREVIN","ABF","Parc Bradfer 14 rue Antoine Durenne","55013 Bar-le-Duc Cedex","udap.meuse@culture.gouv.fr","03 29 79 93 83","55","Meuse","MEUSE"
"UDAP","Architecture","Olivier CURT","ABF","Petit Hôtel de Limur 31 rue Thiers","56000 Vannes","sdap.morbihan@culture.gouv.fr","02 97 47 18 15","56","Morbihan","MORBIHAN"
"UDAP","Architecture","Guillaume LEFÈVRE","ABF","10-12 place Saint-Etienne","57000 Metz","udap.moselle@culture.gouv.fr","03 87 36 08 27","57","Moselle","MOSELLE"
"UDAP","Architecture","Thierry LARRIERE","ABF","Tour Saint-Trohé rue Antony Duvivier","58000 Nevers","udap58@culture.gouv.fr","03 86 71 93 30","58","Nièvre","NIEVRE"
"UDAP","Architecture","Catherine BOURLET","ABF","3 rue du Lombard TSA","59043 Lille Cedex","sdap.nord@culture.gouv.fr","03 28 36 78 70","59","Nord","NORD"
"UDAP","Architecture","Anne CHEVILLON","ABF","15 bis rue de Fresnay-Logis-St-Léonard","61000 Alençon","udap.orne@culture.gouv.fr","02 33 26 03 92","61","Orne","ORNE"
"UDAP","Architecture","Catherine MADONI","ABF","2 rue Albert-1er-de-Belgique SP 7","62022 Arras Cedex","sdap.pas-de-calais@culture.gouv.fr","03 21 50 42 70","62","Pas-de-Calais","PAS-DE-CALAIS"
"UDAP","Architecture","Régis DELUBAC","ABF","Hôtel de Chazerat 4 rue Pascal","63000 Clermont-Ferrand","udap.puy-de-dome@culture.gouv.fr","04 73 41 27 27","63","Puy-de-Dôme","PUY-DE-DOME"
"UDAP","Architecture","Jean-Louis AUGER","ABF","Pavillon Sully Place de Boisdyver","77300 Fontainebleau","udap77@culture.gouv.fr","01 60 74 50 20","77","Seine-et-Marne","SEINE-ET-MARNE"
"UDAP","Architecture","Brigitte LELIÈVRE","ABF","7 place de la Madeleine","76036 Rouen Cedex","udap76@culture.gouv.fr","02 32 10 70 70","76","Seine-Maritime","SEINE-MARITIME"
"UDAP","Architecture","","ABF","5 rue Henri-Daussy","80000 Amiens","sdap.somme@culture.gouv.fr","03 22 22 25 10","80","Somme","SOMME"
"UDAP","Architecture","Patrice HARMEY","ABF","154 boulevard Aristide-Briand BP 811","85021 La Roche-sur-Yon Cedex","sdap.vendee@culture.gouv.fr","02 51 37 25 49","85","Vendée","VENDEE"
"UDAP","Architecture","Sophie GRENNERAT","ABF","Hôtel Rochefort 102 Grand'Rue","86000 Poitiers","sdap.vienne@culture.gouv.fr","05 49 55 63 25","86","Vienne","VIENNE"
"UDAP","Architecture","Christophe CHARLERY","ABF","La Magdeleine - Bâtiment B 5 rue du Général-Haxo","88000 Épinal","udap.vosges@culture.gouv.fr","03 29 29 25 80","88","Vosges","VOSGES"
"UDAP","Architecture","","ABF","3 rue Monge BP 52","89010 Auxerre Cedex","udap.yonne@culture.gouv.fr","03 86 52 38 84","89","Yonne","YONNE"
"CD","Voirie","Frank STEYAERT","DGS","Hôtel du département 45 avenue Alsace-Lorraine","01000 Bourg-en-Bresse","","04 74 32 32 32","01","Ain","AIN"
"CD","Voirie","Michel GENNESSEAUX","DGS","2 Rue Paul-Doumer Hotel du département","02000 Laon","","03 23 24 60 60","02","Aisne","AISNE"
"CD","Voirie","David ZUROWSKI","DGS","Hôtel du département 1 avenue Victor-Hugo","03000 Moulins","contact@allier.fr","04 70 34 40 03","03","Allier","ALLIER"
"CD","Voirie","Bruno CARLIER","DGS","Centre administratif départemental 147 boulevard du Mercantour","06200 Nice","","04 92 30 04 00","04","Alpes-de-Haute-Provence","ALPES-DE-HAUTE-PROVENCE"
"CD","Voirie","Christophe PICARD","DGS","Villa Césarie 41 avenue Thiers","06000 Nice","udap.alpes-maritimes@culture.gouv.fr","04 97 18 60 00","06","Alpes-Maritimes","ALPES-MARITIMES"
"CD","Voirie","","DGS","Hôtel du département Quartier de la Chaumette","07000 Privas","","04 75 66 77 07","07","Ardèche","ARDECHE"
"CD","Voirie","","DGS","Hôtel du département Place de la Préfecture","08000 Charleville-Mézières","conseil-general-ardennes@cg08.fr","03 24 59 60 60","08","Ardennes","ARDENNES"
"CD","Voirie","Francis DEJEAN","DGS","5 rue du Cap-de-la-Ville","09000 Foix","fdejean@cg09.fr","05 61 02 09 09","09","Ariège","ARIEGE"
"CD","Voirie","Philippe BRUNEL","DGS","Hôtel du département 2 rue Pierre-Labonde","10000 Troyes Cedex","departement@aube.fr","03 25 42 50 50","10","Aube","AUBE"
"CD","Voirie","Samuel FOURNIER","DGS","Hôtel du département Allée Raymond-Courrière","11000 Carcassonne","dgs@aude.fr","04 68 11 68 11","11","Aude","AUDE"
"CD","Voirie","Alain PORTELLI","DGS","Hôtel du département Place Charles-de-Gaulle","12000 Rodez","alain.portelli@cg12.fr","05 65 75 80 00","12","Aveyron","AVEYRON"
"CD","Voirie","","DGS","","","","","67","Bas-Rhin","BAS-RHIN"
"CD","Voirie","Roger CAMPARIOL","DGS","Hôtel du département 52 avenue Saint-Just","13004 Marseille","","04 13 31 13 13","13","Bouches-du-Rhône","BOUCHES-DU-RHONE"
"CD","Voirie","Antoine LAFARGUE","DGS","9 rue Saint-Laurent","14000 Caen","","02 31 57 14 14","14","Calvados","CALVADOS"
"CD","Voirie","Jean-Claude ETIENNE","DGS","28 avenue Gambetta","15000 Aurillac","","04 71 46 20 20","15","Cantal","CANTAL"
"CD","Voirie","Xavier DEGHILAGE","DGS","Hôtel du département 31 boulevard Émile-Roux","16000 Angoulême","contact@lacharente.fr","05 16 09 50 00","16","Charente","CHARENTE"
"CD","Voirie","Serge GAPAIL","DGS","85 boulevard de la République","17000 La Rochelle","info@charente-maritime.fr","05 46 31 70 00","17","Charente-Maritime","CHARENTE-MARITIME"
"CD","Voirie","Joël MARTINET","DGS","Hôtel du département Place Marcel-Plaisant","18000 Bourges","","02 48 27 80 00","18","Cher","CHER"
"CD","Voirie","Alexandre MURAT","DGS","Hôtel du département Marbot 9 rue René-et-Émile-Fage","19000 Tulle","","05 55 93 70 00","19","Corrèze","CORREZE"
"CD","Voirie","Xavier BARROIS","DGS","Hôtel du département 53 bis rue de la Préfecture","21000 Dijon","","03 80 63 66 00","21","Côte-d'Or","COTE-D'OR"
"CD","Voirie","Sophie GUIHARD","DGS","9 place du Général-de-Gaulle","22000 Saint-Brieuc","","02 96 62 62 22","22","Côtes-d'Armor","COTES-D'ARMOR"
"CD","Voirie","Philippe BOMBARDIER","DGS","Hôtel du département Château des Comtes-de-la-Marche","23000 Guéret","","05 44 30 23 23","23","Creuse","CREUSE"
"CD","Voirie","Franck PAULHE","DGS","Maison du département Mail Lucie-Aubrac","79000 Niort","","05 49 06 79 79","79","Deux-Sèvres","DEUX-SEVRES"
"CD","Voirie","Marc BÉCRET","DGS","Hôtel du département 2 rue Paul-Louis-Courier","24000 Périgueux","","05 53 02 20 20","24","Dordogne","DORDOGNE"
"CD","Voirie","Philippe JAMET","DGS","Hôtel du département 7 avenue de la Gare-d'Eau","25000 Besançon","info@doubs.fr","03 81 25 81 25","25","Doubs","DOUBS"
"CD","Voirie","Jean-Luc BOEUF","DGS","Hôtel du département 26 avenue du Président-Herriot","26000 Valence","","04 75 79 26 26","26","Drôme","DROME"
"CD","Voirie","David MERCIER","DGS","14 boulevard Georges-Chauvin","27000 Évreux","","02 32 31 50 50","27","Eure","EURE"
"CD","Voirie","Michel GUENNEAU","DGS","1 place Châtelet","28000 Chartres","accueil@eurelien.fr","02 37 20 10 10","28","Eure-et-Loir","EURE-ET-LOIR"
"CD","Voirie","Luc CHAPERON","DGS","Maison du département 32 boulevard Dupleix","29000 Quimper","contact@finistere.fr","02 98 76 20 20","29","Finistère","FINISTERE"
"CD","Voirie","Virginie PAQUIEN","DGS","Hôtel du département 3 rue Guillemette","30044 Nîmes","","04 66 76 76 76","30","Gard","GARD"
"CD","Voirie","Robert ROUQUETTE","DGS","Hôtel du département 81 route de Pessan","32000 Auch","contact@gers.fr","05 62 67 40 40","32","Gers","GERS"
"CD","Voirie","Renaud HELFER-AUBRAC","DGS","1 esplanade Charles-de-Gaulle","33000 Bordeaux","","05 56 99 33 33","33","Gironde","GIRONDE"
"CD","Voirie","Bertrand LOOSES","DGS","Hôtel du département 1 boulevard de la Marquette","31000 Toulouse","contact@cg31.fr","05 34 33 32 31","31","Haute-Garonne","HAUTE-GARONNE"
"CD","Voirie","François MONIN","DGS","Hôtel du département 1 place Monseigneur-de-Galard","43000 Le Puy-en-Velay","dgs@cg43.fr","04 71 07 43 43","43","Haute-Loire","HAUTE-LOIRE"
"CD","Voirie","Jérôme SCHOLLY","DGS","Hôtel du département Place Saint-Arnoux","05000 Gap","","04 92 40 38 00","05","Hautes-Alpes","HAUTES-ALPES"
"CD","Voirie","Emmanuel FAIVRE","DGS","Hôtel du département 23 rue de la Préfecture","70006 Vesoul","","03 84 95 70 70","70","Haute-Saône","HAUTE-SAONE"
"CD","Voirie","Daniel VILLESSOT","DGS","Hôtel du département 1977 avenue des Moulins","34000 Montpellier","","04 67 67 67 67","34","Hérault","HERAULT"
"CD","Voirie","Alain GILLOUARD","DGS","1 avenue de la Préfecture","35000 Rennes","","02 99 02 35 35","35","Ille-et-Vilaine","ILLE-ET-VILAINE"
"CD","Voirie","Pierre JEANNIN","DGS","Hôtel du département Place de la Victoire-et-des-Alliés","36000 Châteauroux","","02 54 27 34 36","36","Indre","INDRE"
"CD","Voirie","Boris COURBARON","DGS","Hôtel du département 18 place de la Préfecture","37000 Tours","","02 47 31 47 31","37","Indre-et-Loire","INDRE-ET-LOIRE"
"CD","Voirie","Xavier-Pierre LUCAS","DGS","3 quai Ceineray CS 94109 Hôtel du département","44041 Nantes cedex 1","","02 40 99 10 00","44","Loire-Atlantique","LOIRE-ATLANTIQUE"
"CD","Voirie","Jean-Philippe CORNEROTTE","DGS","15 rue Eugène-Vignat","45000 Orléans","","02 38 25 45 45","45","Loiret","LOIRET"
"CD","Voirie","Xavier PATIER","DGS","Hôtel du département 1 place de la République","41000 Blois","","02 54 58 41 41","41","Loir-et-Cher","LOIR-ET-CHER"
"CD","Voirie","Thierry BLACLARD","DGS","Hôtel du département 4 rue de la Rovère","48000 Mende","","04 66 49 66 66","48","Lozère","LOZERE"
"CD","Voirie","Florent POITEVIN","DGS","48 B boulevard Foch","49100 Angers","info@maine-et-loire.fr","02 41 81 49 49","49","Maine-et-Loire","MAINE-ET-LOIRE"
"CD","Voirie","Frédéric CHAUVEL","DGS","98 route de Candol","50000 Saint-Lô","Frederic.CHAUVEL@manche.fr","02 33 05 55 50","50","Manche","MANCHE"
"CD","Voirie","Guy CARRIEU","DGS","Hôtel du département 40 rue Carnot","51000 Châlons-en-Champagne","","03 26 69 51 51","51","Marne","MARNE"
"CD","Voirie","Stéphanie TEN EYCK","DGS","Hôtel du département 48 esplanade Jacques-Baudot","54000 Nancy","","03 83 94 54 54","54","Meurthe-et-Moselle","MEURTHE-ET-MOSELLE"
"CD","Voirie","Dominique VANON","DGS","Place Pierre-François-Gossin","55000 Bar-le-Duc","","03 29 45 77 55","55","Meuse","MEUSE"
"CD","Voirie","Anne MORVAN-PARIS","DGS","Hôtel du département 2 rue de Saint-Tropez","56000 Vannes","","02 97 54 80 00","56","Morbihan","MORBIHAN"
"CD","Voirie","Marc HOUVER","DGS","1 rue du Pont-Moreau","57000 Metz","","03 87 37 57 57","57","Moselle","MOSELLE"
"CD","Voirie","François KARINTHI","DGS","Hôtel du département rue de la Préfecture","58000 Nevers","","03 86 60 67 00","58","Nièvre","NIEVRE"
"CD","Voirie","Benjamin HUS","DGS","Hôtel du département 51 rue Gustave-Delory","59000 Lille","","03 59 73 59 59","59","Nord","NORD"
"CD","Voirie","Gilles MORVAN","DGS","27 boulevard de Strasbourg","61000 Alençon","","02 33 81 60 00","61","Orne","ORNE"
"CD","Voirie","Maryline VINCLAIRE","DGS","Rue Ferdinand-Buisson","62000 Arras","","03 21 21 62 62","62","Pas-de-Calais","PAS-DE-CALAIS"
"CD","Voirie","Michel MIOLANE","DGS","Hôtel du département 24 rue Saint-Esprit","63000 Clermont-Ferrand","","04 73 42 20 20","63","Puy-de-Dôme","PUY-DE-DOME"
"CD","Voirie","Christophe DENIOT","DGS","Hôtel du département 12 rue des Saints-Pères","77000 Melun","","01 64 14 77 77","77","Seine-et-Marne","SEINE-ET-MARNE"
"CD","Voirie","Jean-Pierre LUCAS","DGS","Hôtel du département Quai Jean-Moulin","76000 Rouen","","02 35 03 55 55","76","Seine-Maritime","SEINE-MARITIME"
"CD","Voirie","Emmanuelle AUGROS","DGS","Hôtel du département 53 rue de la République","80026 Amiens Cedex","","03 22 71 80 80","80","Somme","SOMME"
"CD","Voirie","Ghislain DE CHATEAUVIEUX","DGS","40 rue du Maréchal-Foch","85000 La Roche-sur-Yon","","02 28 85 85 85","85","Vendée","VENDEE"
"CD","Voirie","Jean-Luc POUGET","DGS","Place Aristide-Briand","86008 Poitiers","","05 49 55 66 00","86","Vienne","VIENNE"
"CD","Voirie","Damien PARMENTIER","DGS","Hôtel du département 8 rue de la Préfecture","88000 Épinal","","03 29 29 88 88","88","Vosges","VOSGES"
"CD","Voirie","Marylène MONGALVY","DGS","16 boulevard de la Marne","89000 Auxerre","","03 86 72 89 89","89","Yonne","YONNE"
"DDT","Urbanisme","Guillaume FURRI","Directeur","23, rue Bourmayer CS 90410","01012 Bourg-en-Bresse Cedex","ddt@ain.gouv.fr","04 74 45 62 37","01","Ain","AIN"
"DDT","Urbanisme","Vincent ROYER","Directeur","50, boulevard de Lyon","02011 Laon Cedex","ddt@aisne.gouv.fr","03 23 24 64 00","02","Aisne","AISNE"
"DDT","Urbanisme","Nicolas HARDOUIN","Directeur","51 boulevard Saint Exupéry CS 30110","03403 Yzeure Cedex","ddt@allier.gouv.fr","04 70 48 79 79","03","Allier","ALLIER"
"DDT","Urbanisme","Catherine GAILDRAUD","Directeur","CS 10211 Avenue Demontzey","04002 Digne-les-Bains Cedex","ddt@alpes-de-haute-provence.gouv.fr","04 92 30 55 00","04","Alpes-de-Haute-Provence","ALPES-DE-HAUTE-PROVENCE"
"DDT","Urbanisme","","","","","","","06","Alpes-Maritimes","ALPES-MARITIMES"
"DDT","Urbanisme","Jean-Pierre GRAULE","Directeur","2 place Simone Veil","07000 Privas Cedex","ddt@ardeche.gouv.fr","04 75 65 50 00","07","Ardèche","ARDECHE"
"DDT","Urbanisme","Philippe CARROT","Directeur","3 rue des Granges Moulues BP","852 08011 Charleville-Mézières Cedex","ddt@ardennes.gouv.fr","03 51 16 50 00","08","Ardennes","ARDENNES"
"DDT","Urbanisme","Stéphane DEFOS","Directeur","BP 10102 10 rue des Salenques","09007 Foix Cedex","ddt@ariege.gouv.fr","05 61 02 47 00","09","Ariège","ARIEGE"
"DDT","Urbanisme","Jean-François HOU","Directeur","2 mail des Charmilles","10000 Troyes","ddt@aube.gouv.fr","03 25 71 18 00","10","Aube","AUBE"
"DDT","Urbanisme","Vincent CLIGNIEZ","Directeur","105 boulevard Barbès CS 40001","11838 Carcassonne Cedex 9","ddtm@aude.gouv.fr","04 68 10 31 00","11","Aude","AUDE"
"DDT","Urbanisme","Joël FRAYSSE","Directeur","ZAC de Bourran 9, rue de Bruxelles BP 3370","12033 Rodez Cedex 9","ddt@aveyron.gouv.fr","05 65 73 50 00","12","Aveyron","AVEYRON"
"DDT","Urbanisme","Nicolas VENTRE","Directeur","BP 61003 14 rue du Maréchal Juin bâtiment D - porte 7","67070 Strasbourg Cedex","ddt@bas-rhin.gouv.fr","03 88 88 91 00","67","Bas-Rhin","BAS-RHIN"
"DDT","Urbanisme","","","","","","","13","Bouches-du-Rhône","BOUCHES-DU-RHONE"
"DDT","Urbanisme","Thierry CHATELAIN","Directeur","10 boulevard du Général Vanier CS 75224","14052 Caen Cedex 4","ddtm@calvados.gouv.fr","02 31 43 15 00","14","Calvados","CALVADOS"
"DDT","Urbanisme","Mario CHARRIERE","Directeur","BP 10414 Bâtiment H 22 rue du 139e Régiment d'Infanterie","15004 Aurillac Cedex","ddt@cantal.gouv.fr","04 63 27 66 00","15","Cantal","CANTAL"
"DDT","Urbanisme","Bénédicte GENIN","Directrice","7-9 rue de la Préfecture CS 12302","16023 Angoulême Cedex","ddt@charente.gouv.fr","05 17 17 37 37","16","Charente","CHARENTE"
"DDT","Urbanisme","Jean-Baptiste MILCAMPS","Directeur","CS 80000 89 avenue des Cordeliers","17018 La Rochelle Cedex 1","ddtm@charente-maritime.gouv.fr","05 16 49 61 00","17","Charente-Maritime","CHARENTE-MARITIME"
"DDT","Urbanisme","Eric DALUZ","Directeur","CS 20001 6 place de la Pyrotechnie","18019 Bourges Cedex","ddt@cher.gouv.fr","02 34 34 61 00","18","Cher","CHER"
"DDT","Urbanisme","","","","","","","19","Corrèze","CORREZE"
"DDT","Urbanisme","Florence LAUBIER","Directrice","BP 53317 57 rue de Mulhouse","21033 Dijon Cedex","ddt@cote-dor.gouv.fr","03 80 29 44 44","21","Côte-d'Or","COTE-D'OR"
"DDT","Urbanisme","Pierre BESSIN","Directeur","1 rue du Parc CS 52256","22022 Saint-Brieuc Cedex","ddtm@cotes-darmor.gouv.fr","02 96 62 47 00","22","Côtes-d'Armor","COTES-D'ARMOR"
"DDT","Urbanisme","Pierre SCHWARTZ","Directeur","Cité administrative 17 place Bonnyaud BP 147","23003 Guéret Cedex","","05 55 51 59 00","23","Creuse","CREUSE"
"DDT","Urbanisme","Elisabeth BIGET-BRÉDIF","Diretrice adjointe","39 avenue de Paris BP 526","79022 Niort Cedex","ddt@deux-sevres.gouv.fr","05 49 06 88 88","79","Deux-Sèvres","DEUX-SEVRES"
"DDT","Urbanisme","Emmanuel DIDON","Directeur","rue du 26ème Régiment d'Infanterie Cité administrative","24024 Périgueux Cedex","","05 53 45 56 00","24","Dordogne","DORDOGNE"
"DDT","Urbanisme","Patrick VAUTERIN","Directeur","6 rue Roussillon BP 1169","25003 Besançon Cedex","ddt@doubs.gouv.fr","03 81 65 62 62","25","Doubs","DOUBS"
"DDT","Urbanisme","Isabelle NUTI","Directeur","4 place Laënnec BP 1013","26015 Valence Cedex","ddt@drome.gouv.fr","04 81 66 80 00","26","Drôme","DROME"
"DDT","Urbanisme","Laurent TESSIER","Directeur","CS 20018 1 avenue du Maréchal Foch","27020 Évreux","ddtm@eure.gouv.fr","02 32 29 60 60","27","Eure","EURE"
"DDT","Urbanisme","Guillaume BARRON","Directeur","17 place de la République CS 40517","28008 Chartres Cedex","ddt@eure-et-loir.gouv.fr","02 37 20 40 60","28","Eure-et-Loir","EURE-ET-LOIR"
"DDT","Urbanisme","Stéphane BURON","Directeur","2 boulevard du Finistère","29325 Quimper Cedex","ddtm@finistere.gouv.fr","02 98 76 52 00","29","Finistère","FINISTERE"
"DDT","Urbanisme","André HORTH","Directeur","89 rue Weber CS 52002","30907 Nîmes Cedex 2","ddtm@gard.gouv.fr","04 66 62 62 00","30","Gard","GARD"
"DDT","Urbanisme","Xavier VANT","Directeur","19 place du foirail BP 342","32007 Auch Cedex","ddt@gers.gouv.fr","05 62 61 46 46","32","Gers","GERS"
"DDT","Urbanisme","Renaud LAHEURTE","Directeur","Cité administrative 2 rue Jules Ferry BP 90","33090 Bordeaux Cedex","ddtm@gironde.gouv.fr","05 56 93 30 33","33","Gironde","GIRONDE"
"DDT","Urbanisme","Yves SCHENFEIGEL","Directeur","Cité administrative Bâtiment A 2 boulevard Armand Duportal BP 70001","31074 Toulouse Cedex 9","ddt-courrier@haute-garonne.gouv.fr","05 81 97 71 00","31","Haute-Garonne","HAUTE-GARONNE"
"DDT","Urbanisme","Bertrand DUBESSET","Directeur","13 rue des Moulins CS 60350","43009 Le Puy-en-Velay","ddt@haute-loire.gouv.fr","04 71 05 84 00","43","Haute-Loire","HAUTE-LOIRE"
"DDT","Urbanisme","Thierry CHAPEL","Directeur","3 place du Champsaur BP 50 026","50007 Gap Cedex","ddt@hautes-alpes.gouv.fr","04 92 40 35 00","05","Hautes-Alpes","HAUTES-ALPES"
"DDT","Urbanisme","Thierry PONCET","Directeur","CS 50389 24 boulevard des Alliés","70014 Vesoul Cedex","","03 63 37 92 00","70","Haute-Saône","HAUTE-SAONE"
"DDT","Urbanisme","Matthieu GRÉGORY","Directeur","Bâtiment Ozone 181 181 place Ernest Granier CS 60556","34064 Montpellier Cedex 2","ddtm-contact@herault.gouv.fr","04 34 46 60 00","34","Hérault","HERAULT"
"DDT","Urbanisme","Alain JACOBSOONE","Directeur","Le Morgat 12 rue Maurice Fabre CS 23167","35031 Rennes Cedex","ddtm@ille-et-vilaine.gouv.fr","02 90 02 32 00","35","Ille-et-Vilaine","ILLE-ET-VILAINE"
"DDT","Urbanisme","Rik VANDERERVEN","Directeur","Cité administrative Bâtiment B CS 60616 Boulevard George Sand","36020 Châteauroux Cedex","ddt@indre.gouv.fr","02 54 53 20 36","36","Indre","INDRE"
"DDT","Urbanisme","Damien LAMOTTE","Directeur","Cité administrative du Cluzel 61 avenue de Grammont BP 71655","37016 Tours Cedex 1","ddt@indre-et-loire.gouv.fr","02 47 70 80 90","37","Indre-et-Loire","INDRE-ET-LOIRE"
"DDT","Urbanisme","","","","","","02 38 52 46 46","44","Loire-Atlantique","LOIRE-ATLANTIQUE"
"DDT","Urbanisme","Christophe HUSS","Directeur","Cité administrative Coligny - Bât. E 131 rue du Faubourg-Bannier","45000 Orléans","","","45","Loiret","LOIRET"
"DDT","Urbanisme","Estelle RONDREUX","Directrice","31, mail Pierre Charlot pôle administratif Pierre Charlot","41000 Blois","ddt@loir-et-cher.gouv.fr","02 54 55 73 50","41","Loir-et-Cher","LOIR-ET-CHER"
"DDT","Urbanisme","Agnès DELSOL","Directrice","BP132 4 avenue de la Gare","48005 Mende Cedex","ddt48@lozere.gouv.fr","04 66 49 41 00","48","Lozère","LOZERE"
"DDT","Urbanisme","","","15 bis rue Dupetit Thouars Bâtiment M","49047 Angers Cedex 1","ddt@maine-et-loire.gouv.fr","02 41 86 65 00","49","Maine-et-Loire","MAINE-ET-LOIRE"
"DDT","Urbanisme","Martine CAVALLERA-LEVI","Directrice","477 boulevard de la Dollée BP 60355","50015 Saint-Lô Cedex","ddtm@manche.gouv.fr","02 33 06 39 00","50","Manche","MANCHE"
"DDT","Urbanisme","Catherine ROGY","Directrice","40 boulevard Anatole France BP 60554","51022 Châlons-en-Champagne Cedex","ddt@marne.gouv.fr","03 26 70 80 00","51","Marne","MARNE"
"DDT","Urbanisme","Emmanuel TIRTAINE","Directeur","Place des Ducs-de-Bar","54100 Nancy","ddt@meurthe-et-moselle.gouv.fr","03 83 91 40 00","54","Meurthe-et-Moselle","MEURTHE-ET-MOSELLE"
"DDT","Urbanisme","Sylvestre DELCAMBRE","Directeur","CS 10501 Parc Bradfer 14 rue Antoine Durenne","55012 Bar-le-Duc Cedex","ddt@meuse.gouv.fr","03 29 79 48 65","55","Meuse","MEUSE"
"DDT","Urbanisme","Mathieu ESCAFRE","Directeur","BP 520 1 allée du général Le Troadec","56019 Vannes Cedex","ddtm@morbihan.gouv.fr","02 97 68 12 00","56","Morbihan","MORBIHAN"
"DDT","Urbanisme","Jérôme GIURICI","Directeur","17 quai Paul-Wiltzer","57000 Metz","ddt@moselle.gouv.fr","03 87 34 34 34","57","Moselle","MOSELLE"
"DDT","Urbanisme","Samuel GUILLOU","","2 rue des Pâtis","58000 Nevers","ddt@nievre.gouv.fr","03 86 71 71 71","58","Nièvre","NIEVRE"
"DDT","Urbanisme","Antoine LEBEL","Directeur","CS 90007 62 boulevard de Belfort","59042 Lille Cedex","ddtm@nord.gouv.fr","03 28 03 83 00","59","Nord","NORD"
"DDT","Urbanisme","Patrick PLANCHON","Directeur","52 Place du général Jean Bonet CS 20537","61013 Alençon Cedex","ddt@orne.gouv.fr","02 33 32 50 50","61","Orne","ORNE"
"DDT","Urbanisme","Edouard GAYET","Directeur","CS 1007 100 avenue Winston Churchill","62022 Arras Cedex","","03 21 22 99 99","62","Pas-de-Calais","PAS-DE-CALAIS"
"DDT","Urbanisme","Guilhem BRUN","Directeur","","","","","63","Puy-de-Dôme","PUY-DE-DOME"
"DDT","Urbanisme","Vincent JECHOUX","Directeur","Parc d'activités de Vaux-le-Pénil BP 596 288 rue Georges Clemenceau","77000 Melun Cedex","ddt-directeur@seine-et-marne.gouv.fr","01 60 56 71 71","77","Seine-et-Marne","SEINE-ET-MARNE"
"DDT","Urbanisme","Jean KUGLER","Directeur","BP 76001 DDTM / Cité administrative Cité administrative 2 rue Saint Sever","76032 Rouen Cedex","ddtm-sg-com@seine-maritime.gouv.fr","02 76 78 32 00","76","Seine-Maritime","SEINE-MARITIME"
"DDT","Urbanisme","","","","","","","80","Somme","SOMME"
"DDT","Urbanisme","Didier GERARD","Directeur","BP 60827 19 rue Montesquieu","85021 La Roche-sur-Yon Cedex","ddtm@vendee.gouv.fr","02 51 44 32 32","85","Vendée","VENDEE"
"DDT","Urbanisme","Éric SIGALAS","Directeur","BP 80523 20 rue de la Providence","86020 Poitiers Cedex","ddt@vienne.gouv.fr","05 49 03 13 00","86","Vienne","VIENNE"
"DDT","Urbanisme","Dominique BEMER","Directeur","26 avenue Dutac","88026 Épinal Cedex","ddt@vosges.gouv.fr","03 29 69 12 12","88","Vosges","VOSGES"
"DDT","Urbanisme","Manuella INES","Directrice adjointe","3 rue Monge BP 79","89011 Auxerre Cedex","ddt@yonne.gouv.fr","03 86 48 41 00","89","Yonne","YONNE"
"DDT","Urbanisme","Bernard MEYZIE","Directeur","CS 10013 Pôle administratif de Paixhans 19 boulevard Paixhans","72042 Le Mans Cedex 9","ddt@sarthe.gouv.fr","02 72 16 41 00","72","Sarthe","SARTHE"
"DDT","Urbanisme","Nathalie KOBES","Directrice adjointe","CS 92087 82 rue du Commandant Hugueny","52903 Chaumont Cedex 9","ddt@haute-marne.gouv.fr","03 25 30 79 79","52","Haute-Marne","HAUTE-MARNE"
"DDT","Urbanisme","Bernard MEYZIE","Directeur","CS 10013 Pôle administratif de Paixhans 19 boulevard Paixhans","72042 Le Mans Cedex 9","ddt@sarthe.gouv.fr","02 72 16 41 00","72","Sarthe","SARTHE"
"DDT","Urbanisme","Pierre BESSIN","Directeur","1 rue du Parc CS 52256","22022 Saint-Brieuc Cedex","","02 96 62 47 00","22","Côtes-d'Armor","COTES-D'ARMOR"
"Chambagri","Agriculture","","","4 avenue du Champ de Foire","01000 - Bourg en Bresse","accueil@ain.chambagri.fr","04 74 45 47 43","01","Ain","AIN"
"Chambagri","Agriculture","","","1 rue René Blondelle","02000 - Laon","direction@ma02.org","03 23 22 50 50","02","Aisne","AISNE"
"Chambagri","Agriculture","","","60 cours Jean Jaurcs","03000 - Moulins","cda.03@allier.chambagri.fr","04 70 48 42 42","03","Allier","ALLIER"
"Chambagri","Agriculture","","","Min Fleurs 17","06000 - Nice","general@alpes-maritimes.chambagri.fr","04 93 18 45 00","06","Alpes-Maritimes","ALPES-MARITIMES"
"Chambagri","Agriculture","","","66 boulevard Gassendi","04000 - Digne les Bains","accueil@ahp.chambagri.fr","04 92 30 57 57","04","Alpes-de-Haute-Provence","ALPES-DE-HAUTE-PROVENCE"
"Chambagri","Agriculture","","","1 Rue Jacquemart Templeux","08000 - Charleville-Mézières","cda.08@ardennes.chambagri.fr","03 24 56 89 40","08","Ardennes","ARDENNES"
"Chambagri","Agriculture","","","4 avenue de l'Europe unie","07000 - Privas","contact@ardeche.chambagri.fr","04 75 20 28 00","07","Ardèche","ARDECHE"
"Chambagri","Agriculture","","","32 avenue du Général de Gaulle","09000 - Foix","accueil@ariege.chambagri.fr","05 61 02 14 00","09","Ariège","ARIEGE"
"Chambagri","Agriculture","","","2 bis rue Jeanne d'Arc","10000 - Troyes","contact@aube.chambagri.fr","03 25 43 72 72","10","Aube","AUBE"
"Chambagri","Agriculture","","","Trcbes Zone d'activités de Sautcs","11000 - Carcassonne","services.generaux@aude.chambagri.fr","04 68 11 79 79","11","Aude","AUDE"
"Chambagri","Agriculture","","","5c boulevard du 122e RI - Carrefour de l'agriculture","12000 - Rodez","direction@aveyron.chambagri.fr","05 65 73 77 00","12","Aveyron","AVEYRON"
"Chambagri","Agriculture","","","2 rue de Rome – Espace Européen de l’Entreprise","67000 - Strasbourg","direction@alsace.chambagri.fr","03 88 19 17 17","67","Bas-Rhin","BAS-RHIN"
"Chambagri","Agriculture","","","22 avenue Henri Pontier - Maison des agriculteurs","13090 - Aix en Provence","accueil@bouches-du-rhone.chambagri.fr","04 42 23 06 11","13","Bouches-du-Rhône","BOUCHES-DU-RHONE"
"Chambagri","Agriculture","","","6 avenue de Dubna","14200 - Hérouville Saint Clair","accueil14@normandie.chambagri.fr","02 31 70 25 25","14","Calvados","CALVADOS"
"Chambagri","Agriculture","","","26 rue du 139e Régiment d'Infanterie","15000 - Aurillac","ca.cantal@cantal.chambagri.fr","04 71 45 55 00","15","Cantal","CANTAL"
"Chambagri","Agriculture","","","ZE Ma campagne - 66 impasse Niépce","16000 - Angoulême","accueil@charente.chambagri.fr","05 45 24 49 49","16","Charente","CHARENTE"
"Chambagri","Agriculture","","","2 avenue de Fétilly","17000 - la Rochelle","accueil@charente-maritime.chambagri.fr","05 46 50 45 00","17","Charente-Maritime","CHARENTE-MARITIME"
"Chambagri","Agriculture","","","2701 route d'Orléans","18230 - Saint Doulchard","accueil@cher.chambagri.fr","02 48 23 04 00","18","Cher","CHER"
"Chambagri","Agriculture","","","Puy-Pinçon - Avenue Albert Schweitzer","19000 - Tulle","accueil@correze.chambagri.fr","05 55 21 55 21","19","Corrèze","CORREZE"
"Chambagri","Agriculture","","","Maison de l'Economie - 8 avenue d'Auvergne","23000 - Guéret","accueil@creuse.chambagri.fr","05 55 61 50 00","23","Creuse","CREUSE"
"Chambagri","Agriculture","","","1 rue des Coulots","21110 - Bretenière","accueil@cote-dor.chambagri.fr","03 80 68 66 00","21","Côte-d'Or","COTE-D'OR"
"Chambagri","Agriculture","","","Avenue du chalutier ''Sans pitié'' - Maison des agriculteurs","22190 - Plérin","cda22@cotes-d-armor.chambagri.fr","02 96 79 22 22","22","Côtes-d'Armor","COTES-D'ARMOR"
"Chambagri","Agriculture","","","Maison de l'agriculture","79230 - Prahecq","accueil@deux-sevres.chambagri.fr","05 49 77 15 15","79","Deux-Sèvres","DEUX-SEVRES"
"Chambagri","Agriculture","","","295 boulevard des Saveurs","24660 - Coulounieix Chamiers","accueil@dordogne.chambagri.fr","05 53 35 88 88","24","Dordogne","DORDOGNE"
"Chambagri","Agriculture","","","145 avenue Georges Brassens","26500 - Bourg lès Valence","accueil@drome.chambagri.fr","04 75 82 40 00","26","Drôme","DROME"
"Chambagri","Agriculture","","","5 rue de la petite cité CS 80882","27000 - Évreux","accueil27@normandie.chambagri.fr","02 32 78 80 00","27","Eure","EURE"
"Chambagri","Agriculture","","","10 rue Dieudonné Costes","28000 - Chartres","accueil@eure-et-loir.chambagri.fr","02 37 24 45 45","28","Eure-et-Loir","EURE-ET-LOIR"
"Chambagri","Agriculture","","","2 allée Saint-Guénolé","29000 - Quimper","accueil@finistere.chambagri.fr","02 98 52 49 49","29","Finistère","FINISTERE"
"Chambagri","Agriculture","","","1120 route de Saint Gilles","30000 - Nîmes","accueil@gard.chambagri.fr","04 66 04 50 60","30","Gard","GARD"
"Chambagri","Agriculture","","","Route de Mirande","32000 - Auch","ca32@gers.chambagri.fr","05 62 61 77 77","32","Gers","GERS"
"Chambagri","Agriculture","","","17 cours Xavier Arnozan","33000 - Bordeaux","accueil@gironde.chambagri.fr","05 56 79 64 00","33","Gironde","GIRONDE"
"Chambagri","Agriculture","","","32 rue de Lisieux","31000 - Toulouse","accueil@agriculture31.com","05 61 10 42 50","31","Haute-Garonne","HAUTE-GARONNE"
"Chambagri","Agriculture","","","Hôtel interconsulaire - 16 boulevard Bertrand","43000 - le Puy en Velay","cda43@haute-loire.chambagri.fr","04 71 07 21 00","43","Haute-Loire","HAUTE-LOIRE"
"Chambagri","Agriculture","","","26 avenue du 109e RI - Maison de l'agriculture","52000 - Chaumont","accueil@haute-marne.chambagri.fr","03 25 35 00 60","52","Haute-Marne","HAUTE-MARNE"
"Chambagri","Agriculture","","","2 rue Georges Guingouin - Safran Panazol","87000 - Limoges","accueil@haute-vienne.chambagri.fr","05 87 50 40 00","87","Haute-Vienne","HAUTE-VIENNE"
"Chambagri","Agriculture","","","8 ter rue du Capitaine de Bresson","05000 - Gap","chambre05@hautes-alpes.chambagri.fr","04 92 52 53 00","05","Hautes-Alpes","HAUTES-ALPES"
"Chambagri","Agriculture","","","22 place du foirail","65000 - Tarbes","accueil@hautes-pyrenees.chambagri.fr","05 62 34 66 74","65","Hautes-Pyrénées","HAUTES-PYRENEES"
"Chambagri","Agriculture","","","Mas de Saporta - Maison des agriculteurs","34970 - Lattes","contact@herault.chambagri.fr","04 67 20 88 00","34","Hérault","HERAULT"
"Chambagri","Agriculture","","","Rond-point Maurice Le Lannou","35000 - Rennes","contact@ille-et-vilaine.chambagri.fr","02 23 48 23 23","35","Ille-et-Vilaine","ILLE-ET-VILAINE"
"Chambagri","Agriculture","","","24 rue des Ingrains - Maison de l'Agriculture","36000 - Châteauroux","direction@indre.chambagri.fr","02 54 61 61 61","36","Indre","INDRE"
"Chambagri","Agriculture","","","38 rue Augustin Fresnel BP 50139","37170 - Chambray lès Tours","accueil@indre-et-loire.chambagri.fr","02 47 48 37 37","37","Indre-et-Loire","INDRE-ET-LOIRE"
"Chambagri","Agriculture","","","40 avenue Marcelin Berthelot","38000 - Grenoble","accueil@isere.chambagri.fr","04 76 20 68 68","38","Isère","ISERE"
"Chambagri","Agriculture","","","455 rue Colonel de Casteljau - Maison des Agriculteurs","39000 - Lons-le-Saunier","accueil@jura.chambagri.fr","03 84 35 14 14","39","Jura","JURA"
"Chambagri","Agriculture","","","Cité Galliane","40000 - Mont de Marsan","accueil@landes.chambagri.fr","05 58 85 45 45","40","Landes","LANDES"
"Chambagri","Agriculture","","","11-13-15 rue Louis-Joseph Philippe - Zone de l'Erigny","41000 - Blois","accueil@loir-et-cher.chambagri.fr","02 54 55 20 00","41","Loir-et-Cher","LOIR-ET-CHER"
"Chambagri","Agriculture","","","43 avenue Albert Raimond","42270 - Saint Priest en Jarez","cda42@loire.chambagri.fr","04 77 92 12 12","42","Loire","LOIRE"
"Chambagri","Agriculture","","","Rue Pierre-Adolphe Bobierre - Maison des agricultures et des territoires","44000 - Nantes","accueil@loire-atlantique.chambagri.fr","02 53 46 60 00","44","Loire-Atlantique","LOIRE-ATLANTIQUE"
"Chambagri","Agriculture","","","13 avenue des droits de l'Homme","45000 - Orléans","accueil@loiret.chambagri.fr","02 38 71 90 10","45","Loiret","LOIRET"
"Chambagri","Agriculture","","","430 avenue Jean Jaurcs","46000 - Cahors","accueil@lot.chambagri.fr","05 65 23 22 21","46","Lot","LOT"
"Chambagri","Agriculture","","","271 rue de Péchabout - Maison de l'agriculture","47000 - Agen","accueil@lot-et-garonne.chambagri.fr","05 53 77 83 83","47","Lot-et-Garonne","LOT-ET-GARONNE"
"Chambagri","Agriculture","","","25 avenue Foch","48000 - Mende","accueil@lozere.chambagri.fr","04 66 65 62 00","48","Lozère","LOZERE"
"Chambagri","Agriculture","","","14 avenue Jean Joxé","49000 - Angers","accueil@maine-et-loire.chambagri.fr","02 41 96 75 00","49","Maine-et-Loire","MAINE-ET-LOIRE"
"Chambagri","Agriculture","","","Avenue de Paris - Maison de l'agriculture","50000 - Saint Lô","accueil50@normandie.chambagri.fr","02 33 06 48 48","50","Manche","MANCHE"
"Chambagri","Agriculture","","","Route de Suippes - Complexe agricole du Mont Bernard","51000 - Châlons-en-Champagne","accueil-chalons@marne.chambagri.fr","03 26 64 08 13","51","Marne","MARNE"
"Chambagri","Agriculture","","","Rue Albert Einstein - Parc technopole – Changé","53000 - Laval","accueil@mayenne.chambagri.fr","02 43 67 37 00","53","Mayenne","MAYENNE"
"Chambagri","Agriculture","","","5 rue de la Vologne","54520 - Laxou","accueil@meurthe-et-moselle.chambagri.fr","03 83 93 34 10","54","Meurthe-et-Moselle","MEURTHE-ET-MOSELLE"
"Chambagri","Agriculture","","","Les Roises - Savonnicres devant Bar","55000 - Bar-le-Duc","accueil@meuse.chambagri.fr","03 29 83 30 30","55","Meuse","MEUSE"
"Chambagri","Agriculture","","","Avenue Borgnies Desbordes","56000 - Vannes","accueil@morbihan.chambagri.fr","02 97 46 22 00","56","Morbihan","MORBIHAN"
"Chambagri","Agriculture","","","64 avenue André Malraux - Maison de l'agriculture","57000 - Metz","accueil@moselle.chambagri.fr","03 87 66 12 30","57","Moselle","MOSELLE"
"Chambagri","Agriculture","","","25 boulevard Léon Blum","58000 - Nevers","accueil@nievre.chambagri.fr","03 86 93 40 00","58","Nièvre","NIEVRE"
"Chambagri","Agriculture","","","Rue Frcre Gagne","60000 - Beauvais","accueil@oise.chambagri.fr","03 44 11 44 11","60","Oise","OISE"
"Chambagri","Agriculture","","","52 boulevard du 1er chasseurs","61000 - Alençon","accueil61@normandie.chambagri.fr","02 33 31 48 00","61","Orne","ORNE"
"Chambagri","Agriculture","","","56 avenue Roger Salengro","62223 - Saint Laurent Blangy","ch.agri-region@agriculture-npdc.fr","03 21 60 57 57","62","Pas-de-Calais","PAS-DE-CALAIS"
"Chambagri","Agriculture","","","11 allée Pierre de Fermat","63170 - Aubière","contact@puy-de-dome.chambagri.fr","04 73 44 45 46","63","Puy-de-Dôme","PUY-DE-DOME"
"Chambagri","Agriculture","","","124 boulevard Tourasse","64000 - Pau","accueil@pa.chambagri.fr","05 59 80 70 00","64","Pyrénées-Atlantiques","PYRENEES-ATLANTIQUES"
"Chambagri","Agriculture","","","19 avenue de Grande-Bretagne","66000 - Perpignan","accueil@pyrenees-orientales.chambagri.fr","04 68 35 74 00","66","Pyrénées-Orientales","PYRENEES-ORIENTALES"
"Chambagri","Agriculture","","","18 avenue des Monts d'Or","69890 - la Tour de Salvagny","contact@rhone.chambagri.fr","04 78 19 61 10","69","Rhône","RHONE"
"Chambagri","Agriculture","","","15 rue Jean Grémillon","72000 - le Mans","accueil@sarthe.chambagri.fr","02 43 29 24 24","72","Sarthe","SARTHE"
"Chambagri","Agriculture","","","52 avenue des Iles","74000 - Annecy","contact@smb.chambagri.fr","04 50 88 18 01","73","Savoie","SAVOIE"
"Chambagri","Agriculture","","","59 rue du 19 mars 1962","71000 - Mâcon","accueil@sl.chambagri.fr","03 85 29 55 50","71","Saône-et-Loire","SAONE-ET-LOIRE"
"Chambagri","Agriculture","","","Chemin de la Bretcque CS30059 - Cité de l'agriculture","76230 - Bois Guillaume","accueil76@normandie.chambagri.fr","02 35 59 47 47","76","Seine-Maritime","SEINE-MARITIME"
"Chambagri","Agriculture","","","19 bis rue Alexandre Dumas","80000 - Amiens","accueil@somme.chambagri.fr","03 22 33 69 00","80","Somme","SOMME"
"Chambagri","Agriculture","","","96 rue des agriculteurs","81000 - Albi","accueil@tarn.chambagri.fr","05 63 48 83 83","81","Tarn","TARN"
"Chambagri","Agriculture","","","130 avenue Marcel Unal","82000 - Montauban","accueil82@agri82.fr","05 63 63 30 25","82","Tarn-et-Garonne","TARN-ET-GARONNE"
"Chambagri","Agriculture","","","130 bis rue de Belfort","25000 - Besançon","chambagri.cda-25@agridoubs.com","03 81 65 52 52","90","Territoire de Belfort","TERRITOIRE DE BELFORT"
"Chambagri","Agriculture","","","11 rue Pierre Clément","83300 - Draguignan","contact@var.chambagri.fr","04 94 50 54 50","83","Var","VAR"
"Chambagri","Agriculture","","","Site Agroparc","84000 - Avignon","-","04 90 23 65 65","84","Vaucluse","VAUCLUSE"
"Chambagri","Agriculture","","","21 boulevard Réaumur","85000 - la Roche sur Yon","accueil@vendee.chambagri.fr","02 51 36 82 22","85","Vendée","VENDEE"
"Chambagri","Agriculture","","","Agropole - 2133 route de Chauvigny","86550 - Mignaloux Beauvoir","accueil@vienne.chambagri.fr","05 49 44 74 74","86","Vienne","VIENNE"
"Chambagri","Agriculture","","","La Colombicre - 17 rue André Vitu","88000 - Épinal","contact@vosges.chambagri.fr","03 29 29 23 23","88","Vosges","VOSGES"
"Chambagri","Agriculture","","","14 bis rue Guynemer","89000 - Auxerre","accueil@yonne.chambagri.fr","03 86 94 22 22","89","Yonne","YONNE"
"SDRCAM SUD","Aviation militaire","Sans","","50520 Division environnement Aeronautique - Base a?ienne 701","13661 Salon Air","sdrcam-sud.envaero.lst@intradef.gouv.fr","04 90 17 84 55","01","Ain","AIN"
"SDRCAM NORD","Aviation militaire","Sans","","ZAD Nord Section environnement a?onautique - BP29","37130 Cinq Mars La Pile","envaero.zad-nord.ba927@inet.air.defense.gouv.fr","02 47 96 19 92","02","Aisne","AISNE"
"SDRCAM SUD","Aviation militaire","Sans","","50520 Division environnement Aeronautique - Base a?ienne 701","13661 Salon Air","sdrcam-sud.envaero.lst@intradef.gouv.fr","04 90 17 84 55","03","Allier","ALLIER"
"SDRCAM SUD","Aviation militaire","Sans","","50520 Division environnement Aeronautique - Base a?ienne 701","13661 Salon Air","sdrcam-sud.envaero.lst@intradef.gouv.fr","04 90 17 84 55","04","Alpes-de-Haute-Provence","ALPES-DE-HAUTE-PROVENCE"
"SDRCAM SUD","Aviation militaire","Sans","","50520 Division environnement Aeronautique - Base a?ienne 701","13661 Salon Air","sdrcam-sud.envaero.lst@intradef.gouv.fr","04 90 17 84 55","05","Hautes-Alpes","HAUTES-ALPES"
"SDRCAM SUD","Aviation militaire","Sans","","50520 Division environnement Aeronautique - Base a?ienne 701","13661 Salon Air","sdrcam-sud.envaero.lst@intradef.gouv.fr","04 90 17 84 55","06","Alpes-Maritimes","ALPES-MARITIMES"
"SDRCAM SUD","Aviation militaire","Sans","","50520 Division environnement Aeronautique - Base a?ienne 701","13661 Salon Air","sdrcam-sud.envaero.lst@intradef.gouv.fr","04 90 17 84 55","07","Ardèche","ARDECHE"
"SDRCAM NORD","Aviation militaire","Sans","","ZAD Nord Section environnement a?onautique - BP29","37130 Cinq Mars La Pile","envaero.zad-nord.ba927@inet.air.defense.gouv.fr","02 47 96 19 92","08","Ardennes","ARDENNES"
"SDRCAM SUD","Aviation militaire","Sans","","50520 Division environnement Aeronautique - Base a?ienne 701","13661 Salon Air","sdrcam-sud.envaero.lst@intradef.gouv.fr","04 90 17 84 55","09","Ariège","ARIEGE"
"SDRCAM NORD","Aviation militaire","Sans","","ZAD Nord Section environnement a?onautique - BP29","37130 Cinq Mars La Pile","envaero.zad-nord.ba927@inet.air.defense.gouv.fr","02 47 96 19 92","10","Aube","AUBE"
"SDRCAM SUD","Aviation militaire","Sans","","50520 Division environnement Aeronautique - Base a?ienne 701","13661 Salon Air","sdrcam-sud.envaero.lst@intradef.gouv.fr","04 90 17 84 55","11","Aude","AUDE"
"SDRCAM SUD","Aviation militaire","Sans","","50520 Division environnement Aeronautique - Base a?ienne 701","13661 Salon Air","sdrcam-sud.envaero.lst@intradef.gouv.fr","04 90 17 84 55","12","Aveyron","AVEYRON"
"SDRCAM SUD","Aviation militaire","Sans","","50520 Division environnement Aeronautique - Base a?ienne 701","13661 Salon Air","sdrcam-sud.envaero.lst@intradef.gouv.fr","04 90 17 84 55","13","Bouches-du-Rhône","BOUCHES-DU-RHONE"
"SDRCAM NORD","Aviation militaire","Sans","","ZAD Nord Section environnement a?onautique - BP29","37130 Cinq Mars La Pile","envaero.zad-nord.ba927@inet.air.defense.gouv.fr","02 47 96 19 92","14","Calvados","CALVADOS"
"SDRCAM SUD","Aviation militaire","Sans","","50520 Division environnement Aeronautique - Base a?ienne 701","13661 Salon Air","sdrcam-sud.envaero.lst@intradef.gouv.fr","04 90 17 84 55","15","Cantal","CANTAL"
"SDRCAM SUD","Aviation militaire","Sans","","50520 Division environnement Aeronautique - Base a?ienne 701","13661 Salon Air","sdrcam-sud.envaero.lst@intradef.gouv.fr","04 90 17 84 55","16","Charente","CHARENTE"
"SDRCAM SUD","Aviation militaire","Sans","","50520 Division environnement Aeronautique - Base a?ienne 701","13661 Salon Air","sdrcam-sud.envaero.lst@intradef.gouv.fr","04 90 17 84 55","17","Charente-Maritime","CHARENTE-MARITIME"
"SDRCAM NORD","Aviation militaire","Sans","","ZAD Nord Section environnement a?onautique - BP29","37130 Cinq Mars La Pile","envaero.zad-nord.ba927@inet.air.defense.gouv.fr","02 47 96 19 92","18","Cher","CHER"
"SDRCAM SUD","Aviation militaire","Sans","","50520 Division environnement Aeronautique - Base a?ienne 701","13661 Salon Air","sdrcam-sud.envaero.lst@intradef.gouv.fr","04 90 17 84 55","19","Corrèze","CORREZE"
"SDRCAM NORD","Aviation militaire","Sans","","ZAD Nord Section environnement a?onautique - BP29","37130 Cinq Mars La Pile","envaero.zad-nord.ba927@inet.air.defense.gouv.fr","02 47 96 19 92","21","Côte-d'Or","COTE-D'OR"
"SDRCAM NORD","Aviation militaire","Sans","","ZAD Nord Section environnement a?onautique - BP29","37130 Cinq Mars La Pile","envaero.zad-nord.ba927@inet.air.defense.gouv.fr","02 47 96 19 92","22","Côtes-d'Armor","COTES-D'ARMOR"
"SDRCAM SUD","Aviation militaire","Sans","","50520 Division environnement Aeronautique - Base a?ienne 701","13661 Salon Air","sdrcam-sud.envaero.lst@intradef.gouv.fr","04 90 17 84 55","23","Creuse","CREUSE"
"SDRCAM SUD","Aviation militaire","Sans","","50520 Division environnement Aeronautique - Base a?ienne 701","13661 Salon Air","sdrcam-sud.envaero.lst@intradef.gouv.fr","04 90 17 84 55","24","Dordogne","DORDOGNE"
"SDRCAM NORD","Aviation militaire","Sans","","ZAD Nord Section environnement a?onautique - BP29","37130 Cinq Mars La Pile","envaero.zad-nord.ba927@inet.air.defense.gouv.fr","02 47 96 19 92","25","Doubs","DOUBS"
"SDRCAM SUD","Aviation militaire","Sans","","50520 Division environnement Aeronautique - Base a?ienne 701","13661 Salon Air","sdrcam-sud.envaero.lst@intradef.gouv.fr","04 90 17 84 55","26","Drôme","DROME"
"SDRCAM NORD","Aviation militaire","Sans","","ZAD Nord Section environnement a?onautique - BP29","37130 Cinq Mars La Pile","envaero.zad-nord.ba927@inet.air.defense.gouv.fr","02 47 96 19 92","27","Eure","EURE"
"SDRCAM NORD","Aviation militaire","Sans","","ZAD Nord Section environnement a?onautique - BP29","37130 Cinq Mars La Pile","envaero.zad-nord.ba927@inet.air.defense.gouv.fr","02 47 96 19 92","28","Eure-et-Loir","EURE-ET-LOIR"
"SDRCAM NORD","Aviation militaire","Sans","","ZAD Nord Section environnement a?onautique - BP29","37130 Cinq Mars La Pile","envaero.zad-nord.ba927@inet.air.defense.gouv.fr","02 47 96 19 92","29","Finistère","FINISTERE"
"SDRCAM SUD","Aviation militaire","Sans","","50520 Division environnement Aeronautique - Base a?ienne 701","13661 Salon Air","sdrcam-sud.envaero.lst@intradef.gouv.fr","04 90 17 84 55","30","Gard","GARD"
"SDRCAM SUD","Aviation militaire","Sans","","50520 Division environnement Aeronautique - Base a?ienne 701","13661 Salon Air","sdrcam-sud.envaero.lst@intradef.gouv.fr","04 90 17 84 55","31","Haute-Garonne","HAUTE-GARONNE"
"SDRCAM SUD","Aviation militaire","Sans","","50520 Division environnement Aeronautique - Base a?ienne 701","13661 Salon Air","sdrcam-sud.envaero.lst@intradef.gouv.fr","04 90 17 84 55","32","Gers","GERS"
"SDRCAM SUD","Aviation militaire","Sans","","50520 Division environnement Aeronautique - Base a?ienne 701","13661 Salon Air","sdrcam-sud.envaero.lst@intradef.gouv.fr","04 90 17 84 55","33","Gironde","GIRONDE"
"SDRCAM SUD","Aviation militaire","Sans","","50520 Division environnement Aeronautique - Base a?ienne 701","13661 Salon Air","sdrcam-sud.envaero.lst@intradef.gouv.fr","04 90 17 84 55","34","Hérault","HERAULT"
"SDRCAM NORD","Aviation militaire","Sans","","ZAD Nord Section environnement a?onautique - BP29","37130 Cinq Mars La Pile","envaero.zad-nord.ba927@inet.air.defense.gouv.fr","02 47 96 19 92","35","Ille-et-Vilaine","ILLE-ET-VILAINE"
"SDRCAM NORD","Aviation militaire","Sans","","ZAD Nord Section environnement a?onautique - BP29","37130 Cinq Mars La Pile","envaero.zad-nord.ba927@inet.air.defense.gouv.fr","02 47 96 19 92","36","Indre","INDRE"
"SDRCAM NORD","Aviation militaire","Sans","","ZAD Nord Section environnement a?onautique - BP29","37130 Cinq Mars La Pile","envaero.zad-nord.ba927@inet.air.defense.gouv.fr","02 47 96 19 92","37","Indre-et-Loire","INDRE-ET-LOIRE"
"SDRCAM SUD","Aviation militaire","Sans","","50520 Division environnement Aeronautique - Base a?ienne 701","13661 Salon Air","sdrcam-sud.envaero.lst@intradef.gouv.fr","04 90 17 84 55","38","Isère","ISERE"
"SDRCAM NORD","Aviation militaire","Sans","","ZAD Nord Section environnement a?onautique - BP29","37130 Cinq Mars La Pile","envaero.zad-nord.ba927@inet.air.defense.gouv.fr","02 47 96 19 92","39","Jura","JURA"
"SDRCAM SUD","Aviation militaire","Sans","","50520 Division environnement Aeronautique - Base a?ienne 701","13661 Salon Air","sdrcam-sud.envaero.lst@intradef.gouv.fr","04 90 17 84 55","40","Landes","LANDES"
"SDRCAM NORD","Aviation militaire","Sans","","ZAD Nord Section environnement a?onautique - BP29","37130 Cinq Mars La Pile","envaero.zad-nord.ba927@inet.air.defense.gouv.fr","02 47 96 19 92","41","Loir-et-Cher","LOIR-ET-CHER"
"SDRCAM SUD","Aviation militaire","Sans","","50520 Division environnement Aeronautique - Base a?ienne 701","13661 Salon Air","sdrcam-sud.envaero.lst@intradef.gouv.fr","04 90 17 84 55","42","Loire","LOIRE"
"SDRCAM SUD","Aviation militaire","Sans","","50520 Division environnement Aeronautique - Base a?ienne 701","13661 Salon Air","sdrcam-sud.envaero.lst@intradef.gouv.fr","04 90 17 84 55","43","Haute-Loire","HAUTE-LOIRE"
"SDRCAM NORD","Aviation militaire","Sans","","ZAD Nord Section environnement a?onautique - BP29","37130 Cinq Mars La Pile","envaero.zad-nord.ba927@inet.air.defense.gouv.fr","02 47 96 19 92","44","Loire-Atlantique","LOIRE-ATLANTIQUE"
"SDRCAM NORD","Aviation militaire","Sans","","ZAD Nord Section environnement a?onautique - BP29","37130 Cinq Mars La Pile","envaero.zad-nord.ba927@inet.air.defense.gouv.fr","02 47 96 19 92","45","Loiret","LOIRET"
"SDRCAM SUD","Aviation militaire","Sans","","50520 Division environnement Aeronautique - Base a?ienne 701","13661 Salon Air","sdrcam-sud.envaero.lst@intradef.gouv.fr","04 90 17 84 55","46","Lot","LOT"
"SDRCAM SUD","Aviation militaire","Sans","","50520 Division environnement Aeronautique - Base a?ienne 701","13661 Salon Air","sdrcam-sud.envaero.lst@intradef.gouv.fr","04 90 17 84 55","47","Lot-et-Garonne","LOT-ET-GARONNE"
"SDRCAM SUD","Aviation militaire","Sans","","50520 Division environnement Aeronautique - Base a?ienne 701","13661 Salon Air","sdrcam-sud.envaero.lst@intradef.gouv.fr","04 90 17 84 55","48","Lozère","LOZERE"
"SDRCAM NORD","Aviation militaire","Sans","","ZAD Nord Section environnement a?onautique - BP29","37130 Cinq Mars La Pile","envaero.zad-nord.ba927@inet.air.defense.gouv.fr","02 47 96 19 92","49","Maine-et-Loire","MAINE-ET-LOIRE"
"SDRCAM NORD","Aviation militaire","Sans","","ZAD Nord Section environnement a?onautique - BP29","37130 Cinq Mars La Pile","envaero.zad-nord.ba927@inet.air.defense.gouv.fr","02 47 96 19 92","50","Manche","MANCHE"
"SDRCAM NORD","Aviation militaire","Sans","","ZAD Nord Section environnement a?onautique - BP29","37130 Cinq Mars La Pile","envaero.zad-nord.ba927@inet.air.defense.gouv.fr","02 47 96 19 92","51","Marne","MARNE"
"SDRCAM NORD","Aviation militaire","Sans","","ZAD Nord Section environnement a?onautique - BP29","37130 Cinq Mars La Pile","envaero.zad-nord.ba927@inet.air.defense.gouv.fr","02 47 96 19 92","52","Haute-Marne","HAUTE-MARNE"
"SDRCAM NORD","Aviation militaire","Sans","","ZAD Nord Section environnement a?onautique - BP29","37130 Cinq Mars La Pile","envaero.zad-nord.ba927@inet.air.defense.gouv.fr","02 47 96 19 92","53","Mayenne","MAYENNE"
"SDRCAM NORD","Aviation militaire","Sans","","ZAD Nord Section environnement a?onautique - BP29","37130 Cinq Mars La Pile","envaero.zad-nord.ba927@inet.air.defense.gouv.fr","02 47 96 19 92","54","Meurthe-et-Moselle","MEURTHE-ET-MOSELLE"
"SDRCAM NORD","Aviation militaire","Sans","","ZAD Nord Section environnement a?onautique - BP29","37130 Cinq Mars La Pile","envaero.zad-nord.ba927@inet.air.defense.gouv.fr","02 47 96 19 92","55","Meuse","MEUSE"
"SDRCAM NORD","Aviation militaire","Sans","","ZAD Nord Section environnement a?onautique - BP29","37130 Cinq Mars La Pile","envaero.zad-nord.ba927@inet.air.defense.gouv.fr","02 47 96 19 92","56","Morbihan","MORBIHAN"
"SDRCAM NORD","Aviation militaire","Sans","","ZAD Nord Section environnement a?onautique - BP29","37130 Cinq Mars La Pile","envaero.zad-nord.ba927@inet.air.defense.gouv.fr","02 47 96 19 92","57","Moselle","MOSELLE"
"SDRCAM NORD","Aviation militaire","Sans","","ZAD Nord Section environnement a?onautique - BP29","37130 Cinq Mars La Pile","envaero.zad-nord.ba927@inet.air.defense.gouv.fr","02 47 96 19 92","58","Nièvre","NIEVRE"
"SDRCAM NORD","Aviation militaire","Sans","","ZAD Nord Section environnement a?onautique - BP29","37130 Cinq Mars La Pile","envaero.zad-nord.ba927@inet.air.defense.gouv.fr","02 47 96 19 92","59","Nord","NORD"
"SDRCAM NORD","Aviation militaire","Sans","","ZAD Nord Section environnement a?onautique - BP29","37130 Cinq Mars La Pile","envaero.zad-nord.ba927@inet.air.defense.gouv.fr","02 47 96 19 92","60","Oise","OISE"
"SDRCAM NORD","Aviation militaire","Sans","","ZAD Nord Section environnement a?onautique - BP29","37130 Cinq Mars La Pile","envaero.zad-nord.ba927@inet.air.defense.gouv.fr","02 47 96 19 92","61","Orne","ORNE"
"SDRCAM NORD","Aviation militaire","Sans","","ZAD Nord Section environnement a?onautique - BP29","37130 Cinq Mars La Pile","envaero.zad-nord.ba927@inet.air.defense.gouv.fr","02 47 96 19 92","62","Pas-de-Calais","PAS-DE-CALAIS"
"SDRCAM SUD","Aviation militaire","Sans","","50520 Division environnement Aeronautique - Base a?ienne 701","13661 Salon Air","sdrcam-sud.envaero.lst@intradef.gouv.fr","04 90 17 84 55","63","Puy-de-Dôme","PUY-DE-DOME"
"SDRCAM SUD","Aviation militaire","Sans","","50520 Division environnement Aeronautique - Base a?ienne 701","13661 Salon Air","sdrcam-sud.envaero.lst@intradef.gouv.fr","04 90 17 84 55","64","Pyrénées-Atlantiques","PYRENEES-ATLANTIQUES"
"SDRCAM SUD","Aviation militaire","Sans","","50520 Division environnement Aeronautique - Base a?ienne 701","13661 Salon Air","sdrcam-sud.envaero.lst@intradef.gouv.fr","04 90 17 84 55","65","Hautes-Pyrénées","HAUTES-PYRENEES"
"SDRCAM SUD","Aviation militaire","Sans","","50520 Division environnement Aeronautique - Base a?ienne 701","13661 Salon Air","sdrcam-sud.envaero.lst@intradef.gouv.fr","04 90 17 84 55","66","Pyrénées-Orientales","PYRENEES-ORIENTALES"
"SDRCAM NORD","Aviation militaire","Sans","","ZAD Nord Section environnement a?onautique - BP29","37130 Cinq Mars La Pile","envaero.zad-nord.ba927@inet.air.defense.gouv.fr","02 47 96 19 92","67","Bas-Rhin","BAS-RHIN"
"SDRCAM NORD","Aviation militaire","Sans","","ZAD Nord Section environnement a?onautique - BP29","37130 Cinq Mars La Pile","envaero.zad-nord.ba927@inet.air.defense.gouv.fr","02 47 96 19 92","68","Haut-Rhin","HAUT-RHIN"
"SDRCAM SUD","Aviation militaire","Sans","","50520 Division environnement Aeronautique - Base a?ienne 701","13661 Salon Air","sdrcam-sud.envaero.lst@intradef.gouv.fr","04 90 17 84 55","69","Rhône","RHONE"
"SDRCAM NORD","Aviation militaire","Sans","","ZAD Nord Section environnement a?onautique - BP29","37130 Cinq Mars La Pile","envaero.zad-nord.ba927@inet.air.defense.gouv.fr","02 47 96 19 92","70","Haute-Saône","HAUTE-SAONE"
"SDRCAM NORD","Aviation militaire","Sans","","ZAD Nord Section environnement a?onautique - BP29","37130 Cinq Mars La Pile","envaero.zad-nord.ba927@inet.air.defense.gouv.fr","02 47 96 19 92","71","Saône-et-Loire","SAONE-ET-LOIRE"
"SDRCAM NORD","Aviation militaire","Sans","","ZAD Nord Section environnement a?onautique - BP29","37130 Cinq Mars La Pile","envaero.zad-nord.ba927@inet.air.defense.gouv.fr","02 47 96 19 92","72","Sarthe","SARTHE"
"SDRCAM SUD","Aviation militaire","Sans","","50520 Division environnement Aeronautique - Base a?ienne 701","13661 Salon Air","sdrcam-sud.envaero.lst@intradef.gouv.fr","04 90 17 84 55","73","Savoie","SAVOIE"
"SDRCAM SUD","Aviation militaire","Sans","","50520 Division environnement Aeronautique - Base a?ienne 701","13661 Salon Air","sdrcam-sud.envaero.lst@intradef.gouv.fr","04 90 17 84 55","74","Haute-Savoie","HAUTE-SAVOIE"
"SDRCAM NORD","Aviation militaire","Sans","","ZAD Nord Section environnement a?onautique - BP29","37130 Cinq Mars La Pile","envaero.zad-nord.ba927@inet.air.defense.gouv.fr","02 47 96 19 92","75","Paris","PARIS"
"SDRCAM NORD","Aviation militaire","Sans","","ZAD Nord Section environnement a?onautique - BP29","37130 Cinq Mars La Pile","envaero.zad-nord.ba927@inet.air.defense.gouv.fr","02 47 96 19 92","76","Seine-Maritime","SEINE-MARITIME"
"SDRCAM NORD","Aviation militaire","Sans","","ZAD Nord Section environnement a?onautique - BP29","37130 Cinq Mars La Pile","envaero.zad-nord.ba927@inet.air.defense.gouv.fr","02 47 96 19 92","77","Seine-et-Marne","SEINE-ET-MARNE"
"SDRCAM NORD","Aviation militaire","Sans","","ZAD Nord Section environnement a?onautique - BP29","37130 Cinq Mars La Pile","envaero.zad-nord.ba927@inet.air.defense.gouv.fr","02 47 96 19 92","78","Yvelines","YVELINES"
"SDRCAM SUD","Aviation militaire","Sans","","50520 Division environnement Aeronautique - Base a?ienne 701","13661 Salon Air","sdrcam-sud.envaero.lst@intradef.gouv.fr","04 90 17 84 55","79","Deux-Sèvres","DEUX-SEVRES"
"SDRCAM NORD","Aviation militaire","Sans","","ZAD Nord Section environnement a?onautique - BP29","37130 Cinq Mars La Pile","envaero.zad-nord.ba927@inet.air.defense.gouv.fr","02 47 96 19 92","80","Somme","SOMME"
"SDRCAM SUD","Aviation militaire","Sans","","50520 Division environnement Aeronautique - Base a?ienne 701","13661 Salon Air","sdrcam-sud.envaero.lst@intradef.gouv.fr","04 90 17 84 55","81","Tarn","TARN"
"SDRCAM SUD","Aviation militaire","Sans","","50520 Division environnement Aeronautique - Base a?ienne 701","13661 Salon Air","sdrcam-sud.envaero.lst@intradef.gouv.fr","04 90 17 84 55","82","Tarn-et-Garonne","TARN-ET-GARONNE"
"SDRCAM SUD","Aviation militaire","Sans","","50520 Division environnement Aeronautique - Base a?ienne 701","13661 Salon Air","sdrcam-sud.envaero.lst@intradef.gouv.fr","04 90 17 84 55","83","Var","VAR"
"SDRCAM SUD","Aviation militaire","Sans","","50520 Division environnement Aeronautique - Base a?ienne 701","13661 Salon Air","sdrcam-sud.envaero.lst@intradef.gouv.fr","04 90 17 84 55","84","Vaucluse","VAUCLUSE"
"SDRCAM NORD","Aviation militaire","Sans","","ZAD Nord Section environnement a?onautique - BP29","37130 Cinq Mars La Pile","envaero.zad-nord.ba927@inet.air.defense.gouv.fr","02 47 96 19 92","85","Vendée","VENDEE"
"SDRCAM SUD","Aviation militaire","Sans","","50520 Division environnement Aeronautique - Base a?ienne 701","13661 Salon Air","sdrcam-sud.envaero.lst@intradef.gouv.fr","04 90 17 84 55","86","Vienne","VIENNE"
"SDRCAM SUD","Aviation militaire","Sans","","50520 Division environnement Aeronautique - Base a?ienne 701","13661 Salon Air","sdrcam-sud.envaero.lst@intradef.gouv.fr","04 90 17 84 55","87","Haute-Vienne","HAUTE-VIENNE"
"SDRCAM NORD","Aviation militaire","Sans","","ZAD Nord Section environnement a?onautique - BP29","37130 Cinq Mars La Pile","envaero.zad-nord.ba927@inet.air.defense.gouv.fr","02 47 96 19 92","88","Vosges","VOSGES"
"SDRCAM NORD","Aviation militaire","Sans","","ZAD Nord Section environnement a?onautique - BP29","37130 Cinq Mars La Pile","envaero.zad-nord.ba927@inet.air.defense.gouv.fr","02 47 96 19 92","89","Yonne","YONNE"
"SDRCAM NORD","Aviation militaire","Sans","","ZAD Nord Section environnement a?onautique - BP29","37130 Cinq Mars La Pile","envaero.zad-nord.ba927@inet.air.defense.gouv.fr","02 47 96 19 92","90","Territoire de Belfort","TERRITOIRE-DE-BELFORT"
"SDRCAM NORD","Aviation militaire","Sans","","ZAD Nord Section environnement a?onautique - BP29","37130 Cinq Mars La Pile","envaero.zad-nord.ba927@inet.air.defense.gouv.fr","02 47 96 19 92","91","Essonne","ESSONNE"
"SDRCAM NORD","Aviation militaire","Sans","","ZAD Nord Section environnement a?onautique - BP29","37130 Cinq Mars La Pile","envaero.zad-nord.ba927@inet.air.defense.gouv.fr","02 47 96 19 92","92","Hauts-de-Seine","HAUTS-DE-SEINE"
"SDRCAM NORD","Aviation militaire","Sans","","ZAD Nord Section environnement a?onautique - BP29","37130 Cinq Mars La Pile","envaero.zad-nord.ba927@inet.air.defense.gouv.fr","02 47 96 19 92","93","Seine-Saint-Denis","SEINE-SAINT-DENIS"
"SDRCAM NORD","Aviation militaire","Sans","","ZAD Nord Section environnement a?onautique - BP29","37130 Cinq Mars La Pile","envaero.zad-nord.ba927@inet.air.defense.gouv.fr","02 47 96 19 92","94","Val-de-Marne","VAL-DE-MARNE"
"SDRCAM NORD","Aviation militaire","Sans","","ZAD Nord Section environnement a?onautique - BP29","37130 Cinq Mars La Pile","envaero.zad-nord.ba927@inet.air.defense.gouv.fr","02 47 96 19 92","95","Val-d'Oise","VAL-D'OISE"
"DSAC CE","Aviation civile","Sans","","SNIA Lyon BP606","69125 Saint-Exupéry Aeroport","snia-urba-lyon-bf@aviation-cicile.gouv.fr","04 26 72 65 40","01","","AIN"
"DSAC CE","Aviation civile","Sans","","SNIA Lyon BP606","69125 Saint-Exupéry Aeroport","snia-urba-lyon-bf@aviation-cicile.gouv.fr","04 26 72 65 40","03","","ALLIER"
"DSAC CE","Aviation civile","Sans","","SNIA Lyon BP606","69125 Saint-Exupéry Aeroport","snia-urba-lyon-bf@aviation-cicile.gouv.fr","04 26 72 65 40","07","","ARDECHE"
"DSAC CE","Aviation civile","Sans","","SNIA Lyon BP606","69125 Saint-Exupéry Aeroport","snia-urba-lyon-bf@aviation-cicile.gouv.fr","04 26 72 65 40","15","","CANTAL"
"DSAC CE","Aviation civile","Sans","","SNIA Lyon BP606","69125 Saint-Exupéry Aeroport","snia-urba-lyon-bf@aviation-cicile.gouv.fr","04 26 72 65 40","26","","DROME"
"DSAC CE","Aviation civile","Sans","","SNIA Lyon BP606","69125 Saint-Exupéry Aeroport","snia-urba-lyon-bf@aviation-cicile.gouv.fr","04 26 72 65 40","38","","ISERE"
"DSAC CE","Aviation civile","Sans","","SNIA Lyon BP606","69125 Saint-Exupéry Aeroport","snia-urba-lyon-bf@aviation-cicile.gouv.fr","04 26 72 65 40","42","","LOIRE"
"DSAC CE","Aviation civile","Sans","","SNIA Lyon BP606","69125 Saint-Exupéry Aeroport","snia-urba-lyon-bf@aviation-cicile.gouv.fr","04 26 72 65 40","43","","HAUTE-LOIRE"
"DSAC CE","Aviation civile","Sans","","SNIA Lyon BP606","69125 Saint-Exupéry Aeroport","snia-urba-lyon-bf@aviation-cicile.gouv.fr","04 26 72 65 40","63","","PUY-DE-DOME"
"DSAC CE","Aviation civile","Sans","","SNIA Lyon BP606","69125 Saint-Exupéry Aeroport","snia-urba-lyon-bf@aviation-cicile.gouv.fr","04 26 72 65 40","69","","RHONE"
"DSAC CE","Aviation civile","Sans","","SNIA Lyon BP606","69125 Saint-Exupéry Aeroport","snia-urba-lyon-bf@aviation-cicile.gouv.fr","04 26 72 65 40","73","","SAVOIE"
"DSAC CE","Aviation civile","Sans","","SNIA Lyon BP606","69125 Saint-Exupéry Aeroport","snia-urba-lyon-bf@aviation-cicile.gouv.fr","04 26 72 65 40","74","","HAUTE-SAVOIE"
"DSAC NE","Aviation civile","Sans","","","","0","","08","","ARDENNES"
"DSAC NE","Aviation civile","Sans","","","","0","","10","","AUBE"
"DSAC NE","Aviation civile","Sans","","","","0","","21","","COTE-D'OR"
"DSAC NE","Aviation civile","Sans","","","","0","","25","","DOUBS"
"DSAC NE","Aviation civile","Sans","","","","0","","39","","JURA"
"DSAC NE","Aviation civile","Sans","","","","0","","51","","MARNE"
"DSAC NE","Aviation civile","Sans","","","","0","","52","","HAUTE-MARNE"
"DSAC NE","Aviation civile","Sans","","","","0","","54","","MEURTHE-ET-MOSELLE"
"DSAC NE","Aviation civile","Sans","","","","0","","55","","MEUSE"
"DSAC NE","Aviation civile","Sans","","","","0","","57","","MOSELLE"
"DSAC NE","Aviation civile","Sans","","","","0","","58","","NIEVRE"
"DSAC NE","Aviation civile","Sans","","","","0","","67","","BAS-RHIN"
"DSAC NE","Aviation civile","Sans","","","","0","","68","","HAUT-RHIN"
"DSAC NE","Aviation civile","Sans","","","","0","","70","","HAUTE-SAONE"
"DSAC NE","Aviation civile","Sans","","","","0","","71","","SAONE-ET-LOIRE"
"DSAC NE","Aviation civile","Sans","","","","0","","88","","VOSGES"
"DSAC NE","Aviation civile","Sans","","","","0","","89","","YONNE"
"DSAC NE","Aviation civile","Sans","","","","0","","90","","TERRITOIRE-DE-BELFORT"
"DSAC S","Aviation civile","Sans","","DSAC SO Direction BP 70116","33704 Mérignac Cedex","snia-ds-bordeaux-bf@aviation-civile.gouv.fr","05 57 92 81 56","09","","ARIEGE"
"DSAC S","Aviation civile","Sans","","DSAC SO Direction BP 70116","33704 Mérignac Cedex","snia-ds-bordeaux-bf@aviation-civile.gouv.fr","05 57 92 81 56","11","","AUDE"
"DSAC S","Aviation civile","Sans","","DSAC SO Direction BP 70116","33704 Mérignac Cedex","snia-ds-bordeaux-bf@aviation-civile.gouv.fr","05 57 92 81 56","12","","AVEYRON"
"DSAC S","Aviation civile","Sans","","DSAC SO Direction BP 70116","33704 Mérignac Cedex","snia-ds-bordeaux-bf@aviation-civile.gouv.fr","05 57 92 81 56","30","","GARD"
"DSAC S","Aviation civile","Sans","","DSAC SO Direction BP 70116","33704 Mérignac Cedex","snia-ds-bordeaux-bf@aviation-civile.gouv.fr","05 57 92 81 56","31","","HAUTE-GARONNE"
"DSAC S","Aviation civile","Sans","","DSAC SO Direction BP 70116","33704 Mérignac Cedex","snia-ds-bordeaux-bf@aviation-civile.gouv.fr","05 57 92 81 56","32","","GERS"
"DSAC S","Aviation civile","Sans","","DSAC SO Direction BP 70116","33704 Mérignac Cedex","snia-ds-bordeaux-bf@aviation-civile.gouv.fr","05 57 92 81 56","34","","HERAULT"
"DSAC S","Aviation civile","Sans","","DSAC SO Direction BP 70116","33704 Mérignac Cedex","snia-ds-bordeaux-bf@aviation-civile.gouv.fr","05 57 92 81 56","46","","LOT"
"DSAC S","Aviation civile","Sans","","DSAC SO Direction BP 70116","33704 Mérignac Cedex","snia-ds-bordeaux-bf@aviation-civile.gouv.fr","05 57 92 81 56","48","","LOZERE"
"DSAC S","Aviation civile","Sans","","DSAC SO Direction BP 70116","33704 Mérignac Cedex","snia-ds-bordeaux-bf@aviation-civile.gouv.fr","05 57 92 81 56","65","","HAUTES-PYRENEES"
"DSAC S","Aviation civile","Sans","","DSAC SO Direction BP 70116","33704 Mérignac Cedex","snia-ds-bordeaux-bf@aviation-civile.gouv.fr","05 57 92 81 56","66","","PYRENEES-ORIENTALES"
"DSAC S","Aviation civile","Sans","","DSAC SO Direction BP 70116","33704 Mérignac Cedex","snia-ds-bordeaux-bf@aviation-civile.gouv.fr","05 57 92 81 56","81","","TARN"
"DSAC S","Aviation civile","Sans","","DSAC SO Direction BP 70116","33704 Mérignac Cedex","snia-ds-bordeaux-bf@aviation-civile.gouv.fr","05 57 92 81 56","82","","TARN-ET-GARONNE"
"DSAC SO","Aviation civile","Sans","","DSAC SO Direction BP 70116","33704 Mérignac Cedex","snia-ds-bordeaux-bf@aviation-civile.gouv.fr","05 57 92 81 56","16","","CHARENTE"
"DSAC SO","Aviation civile","Sans","","DSAC SO Direction BP 70116","33704 Mérignac Cedex","snia-ds-bordeaux-bf@aviation-civile.gouv.fr","05 57 92 81 56","17","","CHARENTE-MARITIME"
"DSAC SO","Aviation civile","Sans","","DSAC SO Direction BP 70116","33704 Mérignac Cedex","snia-ds-bordeaux-bf@aviation-civile.gouv.fr","05 57 92 81 56","19","","CORREZE"
"DSAC SO","Aviation civile","Sans","","DSAC SO Direction BP 70116","33704 Mérignac Cedex","snia-ds-bordeaux-bf@aviation-civile.gouv.fr","05 57 92 81 56","23","","CREUSE"
"DSAC SO","Aviation civile","Sans","","DSAC SO Direction BP 70116","33704 Mérignac Cedex","snia-ds-bordeaux-bf@aviation-civile.gouv.fr","05 57 92 81 56","24","","DORDOGNE"
"DSAC SO","Aviation civile","Sans","","DSAC SO Direction BP 70116","33704 Mérignac Cedex","snia-ds-bordeaux-bf@aviation-civile.gouv.fr","05 57 92 81 56","33","","GIRONDE"
"DSAC SO","Aviation civile","Sans","","DSAC SO Direction BP 70116","33704 Mérignac Cedex","snia-ds-bordeaux-bf@aviation-civile.gouv.fr","05 57 92 81 56","40","","LANDES"
"DSAC SO","Aviation civile","Sans","","DSAC SO Direction BP 70116","33704 Mérignac Cedex","snia-ds-bordeaux-bf@aviation-civile.gouv.fr","05 57 92 81 56","47","","LOT-ET-GARONNE"
"DSAC SO","Aviation civile","Sans","","DSAC SO Direction BP 70116","33704 Mérignac Cedex","snia-ds-bordeaux-bf@aviation-civile.gouv.fr","05 57 92 81 56","64","","PYRENEES-ATLANTIQUES"
"DSAC SO","Aviation civile","Sans","","DSAC SO Direction BP 70116","33704 Mérignac Cedex","snia-ds-bordeaux-bf@aviation-civile.gouv.fr","05 57 92 81 56","79","","DEUX-SEVRES"
"DSAC SO","Aviation civile","Sans","","DSAC SO Direction BP 70116","33704 Mérignac Cedex","snia-ds-bordeaux-bf@aviation-civile.gouv.fr","05 57 92 81 56","86","","VIENNE"
"DSAC SO","Aviation civile","Sans","","DSAC SO Direction BP 70116","33704 Mérignac Cedex","snia-ds-bordeaux-bf@aviation-civile.gouv.fr","05 57 92 81 56","87","","HAUTE-VIENNE"
"SNIA N","Aviation civile","Sans","","SNIA - SNIA Nord 82 Rue des Pyr??s","75970 Paris Cedex20","snia-urba-nord-bf@aviation-civile.gouv.fr","01 44 64 32 28","02","","AISNE"
"SNIA N","Aviation civile","Sans","","SNIA - SNIA Nord 82 Rue des Pyr??s","75970 Paris Cedex20","snia-urba-nord-bf@aviation-civile.gouv.fr","01 44 64 32 28","59","","NORD"
"SNIA N","Aviation civile","Sans","","SNIA - SNIA Nord 82 Rue des Pyr??s","75970 Paris Cedex20","snia-urba-nord-bf@aviation-civile.gouv.fr","01 44 64 32 28","60","","OISE"
"SNIA N","Aviation civile","Sans","","SNIA - SNIA Nord 82 Rue des Pyr??s","75970 Paris Cedex20","snia-urba-nord-bf@aviation-civile.gouv.fr","01 44 64 32 28","62","","PAS-DE-CALAIS"
"SNIA N","Aviation civile","Sans","","SNIA - SNIA Nord 82 Rue des Pyr??s","75970 Paris Cedex20","snia-urba-nord-bf@aviation-civile.gouv.fr","01 44 64 32 28","75","","PARIS"
"SNIA N","Aviation civile","Sans","","SNIA - SNIA Nord 82 Rue des Pyr??s","75970 Paris Cedex20","snia-urba-nord-bf@aviation-civile.gouv.fr","01 44 64 32 28","77","","SEINE-ET-MARNE"
"SNIA N","Aviation civile","Sans","","SNIA - SNIA Nord 82 Rue des Pyr??s","75970 Paris Cedex20","snia-urba-nord-bf@aviation-civile.gouv.fr","01 44 64 32 28","78","","YVELINES"
"SNIA N","Aviation civile","Sans","","SNIA - SNIA Nord 82 Rue des Pyr??s","75970 Paris Cedex20","snia-urba-nord-bf@aviation-civile.gouv.fr","01 44 64 32 28","80","","SOMME"
"SNIA N","Aviation civile","Sans","","SNIA - SNIA Nord 82 Rue des Pyr??s","75970 Paris Cedex20","snia-urba-nord-bf@aviation-civile.gouv.fr","01 44 64 32 28","91","","ESSONNE"
"SNIA N","Aviation civile","Sans","","SNIA - SNIA Nord 82 Rue des Pyr??s","75970 Paris Cedex20","snia-urba-nord-bf@aviation-civile.gouv.fr","01 44 64 32 28","92","","HAUTS-DE-SEINE"
"SNIA N","Aviation civile","Sans","","SNIA - SNIA Nord 82 Rue des Pyr??s","75970 Paris Cedex20","snia-urba-nord-bf@aviation-civile.gouv.fr","01 44 64 32 28","93","","SEINE-SAINT-DENIS"
"SNIA N","Aviation civile","Sans","","SNIA - SNIA Nord 82 Rue des Pyr??s","75970 Paris Cedex20","snia-urba-nord-bf@aviation-civile.gouv.fr","01 44 64 32 28","94","","VAL-DE-MARNE"
"SNIA N","Aviation civile","Sans","","SNIA - SNIA Nord 82 Rue des Pyr??s","75970 Paris Cedex20","snia-urba-nord-bf@aviation-civile.gouv.fr","01 44 64 32 28","95","","VAL-D'OISE"
"SNIA O","Aviation civile","Sans","","SNIA - P?e de Nantes Zone a?oportuaire CS14321","44343 Bouguenais cedex","snia-ouest-ads-bf@aviation-civile.gouv.fr","","14","","CALVADOS"
"SNIA O","Aviation civile","Sans","","SNIA - P?e de Nantes Zone a?oportuaire CS14321","44343 Bouguenais cedex","snia-ouest-ads-bf@aviation-civile.gouv.fr","","18","","CHER"
"SNIA O","Aviation civile","Sans","","SNIA - P?e de Nantes Zone a?oportuaire CS14321","44343 Bouguenais cedex","snia-ouest-ads-bf@aviation-civile.gouv.fr","","22","","COTES-D'ARMOR"
"SNIA O","Aviation civile","Sans","","SNIA - P?e de Nantes Zone a?oportuaire CS14321","44343 Bouguenais cedex","snia-ouest-ads-bf@aviation-civile.gouv.fr","","27","","EURE"
"SNIA O","Aviation civile","Sans","","SNIA - P?e de Nantes Zone a?oportuaire CS14321","44343 Bouguenais cedex","snia-ouest-ads-bf@aviation-civile.gouv.fr","","28","","EURE-ET-LOIR"
"SNIA O","Aviation civile","Sans","","SNIA - P?e de Nantes Zone a?oportuaire CS14321","44343 Bouguenais cedex","snia-ouest-ads-bf@aviation-civile.gouv.fr","","29","","FINISTERE"
"SNIA O","Aviation civile","Sans","","SNIA - P?e de Nantes Zone a?oportuaire CS14321","44343 Bouguenais cedex","snia-ouest-ads-bf@aviation-civile.gouv.fr","","35","","ILLE-ET-VILAINE"
"SNIA O","Aviation civile","Sans","","SNIA - P?e de Nantes Zone a?oportuaire CS14321","44343 Bouguenais cedex","snia-ouest-ads-bf@aviation-civile.gouv.fr","","36","","INDRE"
"SNIA O","Aviation civile","Sans","","SNIA - P?e de Nantes Zone a?oportuaire CS14321","44343 Bouguenais cedex","snia-ouest-ads-bf@aviation-civile.gouv.fr","","37","","INDRE-ET-LOIRE"
"SNIA O","Aviation civile","Sans","","SNIA - P?e de Nantes Zone a?oportuaire CS14321","44343 Bouguenais cedex","snia-ouest-ads-bf@aviation-civile.gouv.fr","","41","","LOIR-ET-CHER"
"SNIA O","Aviation civile","Sans","","SNIA - P?e de Nantes Zone a?oportuaire CS14321","44343 Bouguenais cedex","snia-ouest-ads-bf@aviation-civile.gouv.fr","","44","","LOIRE-ATLANTIQUE"
"SNIA O","Aviation civile","Sans","","SNIA - P?e de Nantes Zone a?oportuaire CS14321","44343 Bouguenais cedex","snia-ouest-ads-bf@aviation-civile.gouv.fr","","45","","LOIRET"
"SNIA O","Aviation civile","Sans","","SNIA - P?e de Nantes Zone a?oportuaire CS14321","44343 Bouguenais cedex","snia-ouest-ads-bf@aviation-civile.gouv.fr","","49","","MAINE-ET-LOIRE"
"SNIA O","Aviation civile","Sans","","SNIA - P?e de Nantes Zone a?oportuaire CS14321","44343 Bouguenais cedex","snia-ouest-ads-bf@aviation-civile.gouv.fr","","50","","MANCHE"
"SNIA O","Aviation civile","Sans","","SNIA - P?e de Nantes Zone a?oportuaire CS14321","44343 Bouguenais cedex","snia-ouest-ads-bf@aviation-civile.gouv.fr","","53","","MAYENNE"
"SNIA O","Aviation civile","Sans","","SNIA - P?e de Nantes Zone a?oportuaire CS14321","44343 Bouguenais cedex","snia-ouest-ads-bf@aviation-civile.gouv.fr","","56","","MORBIHAN"
"SNIA O","Aviation civile","Sans","","SNIA - P?e de Nantes Zone a?oportuaire CS14321","44343 Bouguenais cedex","snia-ouest-ads-bf@aviation-civile.gouv.fr","","61","","ORNE"
"SNIA O","Aviation civile","Sans","","SNIA - P?e de Nantes Zone a?oportuaire CS14321","44343 Bouguenais cedex","snia-ouest-ads-bf@aviation-civile.gouv.fr","","72","","SARTHE"
"SNIA O","Aviation civile","Sans","","SNIA - P?e de Nantes Zone a?oportuaire CS14321","44343 Bouguenais cedex","snia-ouest-ads-bf@aviation-civile.gouv.fr","","76","","SEINE-MARITIME"
"SNIA O","Aviation civile","Sans","","SNIA - P?e de Nantes Zone a?oportuaire CS14321","44343 Bouguenais cedex","snia-ouest-ads-bf@aviation-civile.gouv.fr","","85","","VENDEE"
"SNIA SE","Aviation civile","Sans","","","","snia-urba-aix-bf@aviation-cicile.gouv.fr","","04","","ALPES-DE-HAUTE-PROVENCE"
"SNIA SE","Aviation civile","Sans","","","","snia-urba-aix-bf@aviation-cicile.gouv.fr","","05","","HAUTES-ALPES"
"SNIA SE","Aviation civile","Sans","","","","0","","06","","ALPES-MARITIMES"
"SNIA SE","Aviation civile","Sans","","","","snia-urba-aix-bf@aviation-cicile.gouv.fr","","13","","BOUCHES-DU-RHONE"
"SNIA SE","Aviation civile","Sans","","","","0","","83","","VAR"
"SNIA SE","Aviation civile","Sans","","","","snia-urba-aix-bf@aviation-cicile.gouv.fr","","84","","VAUCLUSE"
